Smiles,PIC50
CC(Cc1ccc(O)c(O)c1)C(C)Cc1ccc(O)c(O)c1,5.292429824
O=C(Nc1ccc(CCc2ccc(O)c(O)c2)cc1)c1ccc(O)cc1O,5.301029996
CCCCCC(=O)/C=C/C=C\CCCCCCCC(=O)O,4
CC1(C)CCC[C@]2(C)[C@H]3C(=O)c4c(cccc4C(=O)O)O[C@@]3(C)CC[C@@H]12,3.823908741
COc1cc(Br)cc(Br)c1Oc1cc(Br)cc(Br)c1O,5
CC(C)=CCC/C(C)=C/COc1cccc2ccc(=O)oc12,4.403402904
Oc1c(Br)cc(Br)cc1Oc1c(O)c(Br)c(Br)c(Br)c1Br,5.886056648
COc1ccc(-c2cc3cc4c(=O)c(C=O)coc4cc3o2)cc1,5.017728767
O=C(Nc1ccc(F)cc1Cl)c1n[nH]cc1Cl,7.070581074
O=C(Nc1ccc(F)cc1Cl)c1n[nH]cc1Cl,7.48148606
O=C(Nc1ccc(F)cn1)c1cc[nH]n1,6.928117993
COc1c(O)cc2oc3cc(O)c(CC=C(C)C)c(O)c3c(=O)c2c1CC=C(C)C,4.301029996
CC(Cc1ccc(O)c(O)c1)C(C)Cc1ccc(O)c(O)c1,5.30980392
CCOC(=O)C1CCN(C(=O)CCc2cc(-c3ccc(C)cc3)n(-c3ccc4ccccc4n3)n2)CC1,5
Nc1[nH]c(C(=O)c2ccccc2)c(-c2ccc(Cl)cc2Cl)c1C(=O)c1cccc(F)c1,4
Nc1[nH]c(C(=O)c2ccccc2)cc1C(=O)c1ccc(Cl)c(Cl)c1,4.442492798
NC(=O)c1c(N)[nH]c(C(=O)c2ccccc2)c1-c1ccc(Cl)cc1Cl,4
O=C1CCN(c2ccccc2)N1,5.657577319
CCOC(=O)c1[nH]c2cc(Cl)ccc2c1C=O,5.522878745
CCc1cc(O)c(O)cc1C[C@@H](C)[C@@H](C)Cc1cc(O)c(O)cc1CC,6.795880017
O=C(OCC#CCSc1nnc(-c2cccc3ccccc23)o1)c1ccc2ccccc2c1,6.698970004
O=C(OCC#CCSc1nnc(-c2cccc3ccccc23)o1)c1ccc2ccccc2c1,7.187086643
CCCCCC(=O)/C=C/C=C\C/C=C\C/C=C\CCCC(=O)O,4.602059991
CC(=O)Nc1oc(-c2cccc3ccccc23)nc1C#N,5
CC(C)Nc1oc(-c2cccc3ccccc23)nc1C#N,4.397940009
CC(C)(C)c1oc2ccccc2c(=O)c1O,4
CCCc1oc2ccccc2c(=O)c1O,4
CCc1oc2ccccc2c(=O)c1O,4
CC(C)Cc1cc(=O)c2ccc(O)cc2o1,4
CC(C)c1cc(=O)c2ccc(O)cc2o1,4
CCCCNC(=O)c1c(N)sc(-c2ccc(Cl)cc2)c1CCCC,4.301029996
CCCCNC(=O)c1cc(C)sc1N,4.301029996
COc1ccc(-c2cc(-c3ccccc3O)[nH]n2)cc1,5
CC(C)c1cc(=O)c2cc(O)ccc2o1,4
O=C(Nc1ccc(F)cc1Cl)c1n[nH]c(Cl)c1Cl,7.494850022
COc1ccc(-c2nnc(/N=C3\NC(=O)CS3)s2)cc1OC,5.595166283
O=C(Nc1ccc(CCc2ccc(O)c(O)c2)cc1)c1cccc(Cl)c1O,5.920818754
O=C(O)c1cccc(C(=O)Nc2ccc(CCc3ccc(O)c(O)c3)cc2)c1O,4.602059991
Nc1[nH]c(C(=O)c2ccccc2)c(-c2ccc(Cl)cc2)c1C(=O)c1cccc(Cl)c1,4
Nc1[nH]c(C(=O)c2ccccc2)c(-c2ccc(Cl)cc2Cl)c1C(=O)c1cccs1,4
Nc1[nH]c(C(=O)c2ccccc2)c(-c2ccc(Cl)c(Cl)c2)c1C(=O)c1cccc(Cl)c1,4.447331784
Nc1[nH]c(C(=O)c2ccccc2)c(-c2ccc(Cl)cc2Cl)c1C(=O)c1ccc(Cl)cc1,4
CC1=CCCC(C)(C)C1CC/C(C)=C/CCC(CO)CCCc1ccoc1,4.769551079
O=C(Nc1ccc(F)cc1Cl)c1cc[nH]n1,7.091514981
O=C(Nc1ccc(F)cc1Cl)c1n[nH]cc1Br,7.408935393
O=C(Nc1ccc(F)cc1Cl)c1n[nH]c(Cl)c1Br,9
O=C(Nc1ccc(F)cc1Cl)c1cc(I)[nH]n1,6.823908741
Cc1c(C(=O)Nc2ccc(F)cc2Cl)n[nH]c1[Si](C)(C)C,5.876148359
Fc1ccc2oc(-c3cc[nH]n3)nc2c1,4.652865217
O=C(Nc1ccc(F)cc1Cl)c1ccn(C(=S)Nc2ccc3c(c2)OCO3)n1,7.769551079
O=C(Nc1ccccc1Cl)c1cn[nH]n1,6.406713933
O=C(Nc1cc(Cl)ccc1Cl)c1cn[nH]n1,4.647238808
O=C(Nc1ccc(F)cc1Cl)c1n[nH]c(Cl)c1Br,8
O=C(Nc1ccc(F)cc1Cl)c1cc[nH]n1,7.619788758
Cc1ccc(C(=O)N(C)c2ccc(CCc3ccc(O)c(O)c3)cc2)c(O)c1,5.301029996
CC1=C(CC/C(C)=C/CC/C(C)=C/Cc2cc(O)ccc2O)C(C)(C)CCC1,6.522878745
CC(=O)c1cc(O)c(O)cc1C[C@@H](C)[C@@H](C)Cc1cc(O)c(O)cc1C(C)=O,6.420216403
CC(C)(Sc1cc(C(C)(C)C)c(O)c(C(C)(C)C)c1)Sc1ccc(C(C)(C)C)c(OC[C@@H](O)[C@H](O)CO)c1C(C)(C)C,4.823908741
COc1cc(C)cc2c(-c3c(O)cc(O)c4c3C[C@@H](C)N[C@@H]4C)cc(-c3ccc4c(-c5c(O)cc(O)c6c5C[C@@H](C)N[C@@H]6C)c(C)cc(OC)c4c3O)c(O)c12,5.119186408
CCOC(=O)c1[nH]c2cc(Cl)ccc2c1C(=O)C[C@H](C)CCCC(C)C,6.522878745
CCCCCCCCCCCC(=O)c1c(C(=O)OCC)[nH]c2cc(Cl)ccc12,6.366531544
CCCCCCCC(=O)c1c(C(=O)OCC)[nH]c2cc(Cl)ccc12,6.568636236
CCCCCC(=O)c1c(C(=O)OCC)[nH]c2cc(Cl)ccc12,6.26760624
O=C(Nc1ccc(Cl)cn1)c1cc[nH]n1,7.585026652
O=C(Nc1ccc2ncccc2c1)c1cc[nH]n1,6.013228266
O=C(Nc1ccc2ncccc2c1)c1cc[nH]n1,6.077274542
O=C(Nc1ccc(F)cc1)c1cc[nH]n1,6.568636236
Cc1c[nH]nc1C(=O)Nc1ccc(F)cc1Cl,6.343901798
O=C(Nc1ccc(Cl)cn1)c1cc[nH]n1,7.366531544
O=C(Nc1ncc(Cl)s1)c1cc[nH]n1,6.415668776
Oc1ccc(Br)cc1-c1cc(-c2ccccc2Cl)[nH]n1,4.301029996
CCCCCNC(=O)n1ccc(C(=O)Nc2ccc(F)cc2Cl)n1,6.886056648
CCOC(=O)c1ccc[nH]1,4
O=C(OCC#CCSc1nnc(-c2ccc(Cl)cc2)o1)c1ccc(F)cc1,8
O=C(Nc1ccc(CCc2ccc(O)c(O)c2)cc1)c1cc(Br)ccc1O,5.823908741
CCCCNC(=O)c1cc(CCC)sc1N,4.301029996
C=CCNC(=O)c1cc(-c2ccccc2)sc1N,4.68613278
COc1cccc(CNc2ccc(S(=O)(=O)Nc3nc4ccc(F)cc4s3)cc2)c1O,5.346787486
CCOC(=O)CCCCCNC(=O)n1ccc(C(=O)Nc2ccc(F)cc2Cl)n1,6.850780887
Clc1ccc2nc(-c3cc[nH]n3)oc2c1,7.886056648
Clc1ccc2oc(-c3cc[nH]n3)nc2c1,6.906578315
Clc1ccc2nc(-c3cc(Cl)[nH]n3)oc2c1,8.397940009
Clc1ccc2nc(-c3cc[nH]n3)oc2c1,7.698970004
Cc1c[nH]nc1C(=O)Nc1ccc(F)cc1Cl,6.73754891
O=C(Nc1ccc(Cl)c(Cl)c1)c1cc[nH]n1,6.744727495
O=C(O)c1cc(C(=O)C(=O)c2cc(C(=O)O)c(O)c3ccccc23)c2ccccc2c1O,4.602059991
O=C(Nc1ccc(F)cc1C(F)(F)F)c1cc[nH]n1,6.774690718
CCOC(=O)c1[nH]c2cc(Cl)ccc2c1C(=O)Cc1ccc(Cl)cc1,5.924453039
CCOC(=O)c1[nH]c2cc(Cl)ccc2c1C(C)=O,5.63638802
CC(=O)n1ccc(C(=O)Nc2ccc(Cl)c(Cl)c2)n1,6.368556231
O=C(Nc1ccc(F)cc1Cl)c1ccn(S(=O)(=O)c2cccc(C(F)(F)F)c2)n1,5.711303739
CCCCNC(=O)c1cc(Cc2ccccc2)sc1N,4.301029996
Nc1sc(-c2ccccc2)cc1C(=O)NCCCCc1ccccc1,4.301029996
Cc1[nH]c2ccccc2c1C(=O)c1cc(Cc2ccccc2)sc1N,4.609064893
O=C(Nc1ccc(F)cc1Cl)c1n[nH]cc1I,6.258848401
Cc1c(C(=O)Nc2ccc(F)cc2Cl)n[nH]c1[Si](C)(C)C,6.172630727
O=S(=O)(Nc1nc2ccccc2s1)c1ccc(NCc2cccc(Cl)c2O)cc1,5.886056648
CCOC(=O)CCCCCNC(=O)n1ccc(C(=O)Nc2ccc(F)cc2Cl)n1,6.602059991
CNc1oc(-c2c[nH]c3ccccc23)nc1C#N,5.408935393
CNc1oc(-c2cccc3ncccc23)nc1C#N,5.443697499
CCCCNC(=O)c1cc(-c2ccccc2)sc1NC(=O)CCC,4.721246399
CCCCCCCCNC(=O)c1cc(-c2ccccc2)sc1N,4.381951903
CCCCCNC(=O)c1cc(-c2ccccc2)sc1N,4.747146969
Clc1ccc2nc(-c3n[nH]c(Cl)c3Cl)oc2c1,8.698970004
CNc1nc(-c2cccc3ccccc23)ccc1C#N,4.397940009
CCOC(=O)c1[nH]c2cc(Cl)ccc2c1/C=N/NC(=O)COc1ccc(Cl)cc1Cl,6.004364805
CCOC(=O)c1c(CSc2c(C)cc(C)cc2C)n(C)c2ccc(O)cc12,5.086186148
O=C(Nc1ccc(F)cc1Cl)c1cc(I)[nH]n1,7.568636236
O=C(Nc1ccc(F)cn1)c1cn[nH]n1,5.507239611
O=C(Nc1cc2ccccc2cn1)c1cc[nH]n1,6.074172425
CNc1nc(C#N)c(-c2cccc3ccccc23)o1,4.397940009
CNc1oc(-c2cccc(Cl)c2Cl)nc1C#N,4.301029996
N#Cc1nc(-c2cccc3ccccc23)oc1Nc1ccccc1,4.522878745
CNc1sc(-c2cccc3ccccc23)nc1C(=O)OC,4.522878745
CNc1oc(-c2ccc3cnccc3c2)nc1C#N,6.13667714
CNc1oc(-c2cccc3nccnc23)nc1C#N,4.397940009
CNc1oc(-c2ccc(Cl)c(Cl)c2)nc1C#N,6.091514981
N#Cc1nc(-c2cccc3ccccc23)oc1NC1COC1,4.602059991
c1ccc2oc(-c3cc[nH]n3)nc2c1,5.485053995
O=C(Nc1ccc(F)cc1Cl)c1cc(C(F)F)[nH]n1,6.665546249
Nc1c[nH]nc1C(=O)Nc1ccc(F)cc1Cl,7.161150909
CNc1sc(-c2cccc3ccccc23)nc1C#N,6.259637311
Cc1nnc(/N=C2\NC(=O)/C(=C/c3ccc(Br)cc3)S2)s1,5.507239611
Cc1nnc(/N=C2\NC(=O)/C(=C/C=C/c3ccccc3)S2)s1,5.473660723
CCCCC(=O)N/N=C/c1c(C(=O)OCC)[nH]c2cc(Cl)ccc12,5
CCOC(=O)c1[nH]c2cc(Cl)ccc2c1/C=N/NC(=O)CC1CCCC1,5
O=C(Nc1ccc(CCc2ccc(O)c(O)c2)cc1)c1c(O)ccc2ccccc12,6.22184875
C[C@H](Cc1cc(O)c(O)cc1Br)[C@@H](C)Cc1cc(O)c(O)cc1Br,7.080921908
O=C(Nc1ccccn1)c1cc[nH]n1,5.91829273
O=C(Nc1ccc(F)cc1Cl)c1n[nH]cc1Br,6.537602002
Cc1cc(C(=O)Nc2ccc(F)cc2Cl)n[nH]1,6.424812155
CCCCc1c[nH]nc1C(=O)Nc1ccc(F)cc1Cl,6.068033885
CCOC(=O)C1CCN(C(=O)CCc2cc(-c3ccc(C(F)(F)F)cc3)n(-c3ccc(Cl)nn3)n2)CC1,5
CC(C)(c1ccc(O)c(Br)c1)c1cc(Br)c(O)c(Br)c1,5.15490196
CCCCC/C=C\CC(=O)/C=C/C=C\C/C=C\CCCC(=O)O,5.522878745
CCCC(=O)Nc1ccc(Cl)c(NC(=O)c2cc3ccccc3o2)c1,4
Nc1[nH]c(C(=O)c2ccccc2)c(-c2ccc3ccccc3c2)c1C(=O)c1ccc(Cl)c(Cl)c1,4.928117993
CCOC(=O)c1ccc(N)[nH]1,4
CCCNC(=O)c1[nH]c2cc(Cl)ccc2c1C(=O)C[C@H](C)CCCC(C)C,4.698970004
COc1cc(C)cc2c(-c3c(O)cc(O)c4c3C[C@@H](C)N[C@@H]4C)cc(-c3ccc4c(-c5c(O)cc(O)c6c5C[C@@H](C)N[C@@H]6C)c(C)cc(OC)c4c3O)c(O)c12,4.301029996
Fc1ccc2nc(-c3cc[nH]n3)oc2c1,6.145086978
CCc1cc(-c2[nH]ncc2Oc2ccccc2)c(O)cc1O,5.036212173
CC(C)=CCC/C(C)=C/COc1cc(=O)oc2ccccc12,4.370590401
O=C(Nc1ccc2ccccc2n1)c1cc[nH]n1,5.427128398
COc1ccc(-c2nc3c(C(N)=O)cccc3[nH]2)cc1,5.021819483
Cc1ccc(-c2cc(CCC(=O)N3CCN(Cc4ccc(C(C)(C)C)cc4)CC3)nn2-c2ccc3ccccc3n2)cc1,5
CNc1oc(-c2cccc(Cl)c2Cl)nc1C#N,6.337242168
CCCCNC(=O)c1cc(C(C)CCC=C(C)C)sc1N,4.586700236
O=C(Nc1cnc2ccccc2c1)c1cc[nH]n1,6.744727495
CNc1oc(-c2ccc(F)cc2)nc1C#N,4.823908741
CNc1nccc(-c2cccc3ccccc23)n1,4.397940009
Oc1cc(Br)cc2c1Oc1cc(Br)cc(Br)c1O2,6.096910013
O=C1N/C=C/c2ccc(c(Br)c2)Oc2cc(cc(Br)c2O)CCNC(=O)/C(=N/O)Cc2ccc(c(Br)c2)Oc2cc(cc(Br)c2O)C/C1=N\O,5.397940009
CCOc1ccc(Br)cc1,4
Oc1c(Br)c(Br)c(Br)c(Br)c1Oc1ccc(Br)cc1Br,5.744727495
O=C(Nc1ccc(F)cc1Cl)c1n[nH]cc1F,7.37675071
C[C@H](c1nccs1)N(C)C(=O)[C@H](C[C@H](C)C(Cl)(Cl)Cl)NC(=O)C[C@H](C)C(Cl)(Cl)Cl,3.301029996
CC(C)(Sc1cc(C(C)(C)C)c(O)c(C(C)(C)C)c1)Sc1ccc(C(C)(C)C)c(OC[C@H](O)[C@@H](O)CO)c1C(C)(C)C,4.769551079
Oc1cccc(Br)c1,4
CC(Cc1ccc(O)c(O)c1)[C@H](C)Cc1ccc(O)c(O)c1,6.958607315
Oc1c(Br)cc(Br)cc1Oc1c(O)c(Br)c(Br)c(Br)c1Br,6.102372909
O=C(N/C=C/c1ccc(O)c(Br)c1)/C(Cc1cc(Br)c(O)c(Oc2c(Br)cc(C/C(=N\O)C(=O)NCCc3ccc(O)c(Br)c3)cc2Br)c1)=N/O,5.698970004
Clc1ccc2nc(-c3n[nH]c(Cl)c3Cl)oc2c1,7.468521083
CCOc1ccc(C(=O)Nc2ccccc2N2CCCC2)cc1Cl,4.301029996
O=C(O)c1ccccc1-c1cccc(C(=O)Nc2ccc(CCc3ccc(O)c(O)c3)cc2)c1O,4.602059991
O=C(OCC#CCSc1nnc(-c2cccc3ccccc23)o1)c1ccc(OC(F)(F)F)cc1,8
CC1(C)CCC[C@]2(C)[C@H]3C=C4C=C(O)C(=O)C=C4O[C@@]3(C)CC[C@@H]12,6.119186408
CC1(C)CCC[C@]2(C)[C@H]3C=C4C(=CC(=O)C(O)=C4Cl)O[C@@]3(C)CC[C@@H]12,6.080921908
O=C(Nc1ccc(F)cn1)c1cc[nH]n1,6.259637311
CCC(=O)NC(c1cccs1)c1cc([N+](=O)[O-])c2cccnc2c1O,4.602059991
Oc1ccc(Cl)cc1-c1cc(-c2ccccc2Cl)[nH]n1,4.301029996
COc1ccc(C(=O)c2c[nH]nc2-c2cc(C)ccc2O)cc1,4.301029996
O=C(O)c1cc(C(=O)C(=O)c2cc(C(=O)O)c(O)c3ccccc23)c2ccccc2c1O,4.301029996
O=C1c2ccccc2C(=O)N1c1nc2cc([N+](=O)[O-])ccc2n1Cc1ccc(-c2ccccc2)cc1,5.991399828
CC1=CC[C@H]2C(C)(C)CCC[C@]2(C)[C@H]1C[C@@H](O)[C@H](C)CCC/C(C)=C/Cc1cc(O)ccc1O,6.301029996
CC(C)(c1ccc(O)c(Br)c1)c1cc(Br)c(O)c(Br)c1,5.301029996
COc1cccc(CNc2ccc(S(=O)(=O)Nc3nc4c(ccc5ccccc54)s3)cc2)c1O,4
CC(C)(Sc1cc(C(C)(C)C)c(OCC(=O)O)c(C(C)(C)C)c1)Sc1ccc(C(C)(C)C)c(OCC(=O)O)c1C(C)(C)C,3.903089987
Nc1[nH]c(C(=O)c2ccc(Cl)cc2)c(-c2ccc(Cl)cc2Cl)c1C(=O)c1cccc(Cl)c1,4.879426069
CCNC(=O)c1[nH]c2cc(Cl)ccc2c1/C=C/C(=O)NCc1ccccc1OC,5.235823868
CCOC(=O)c1[nH]c2cc(Cl)ccc2c1/C=C/C(=O)NCCc1ccccc1Cl,5.88941029
CNC(=O)c1cc2ccc(Cl)cc2[nH]1,5.027797162
CC(=O)n1ccc(C(=O)Nc2ccc(Cl)c(Cl)c2)n1,6.534617149
O=C(Nc1ccc(F)cc1Cl)c1ccn(C(=O)Nc2ccc3c(c2)OCO3)n1,7.327902142
O=C(Nc1ccc(F)cc1Cl)c1ccn(C(=O)Nc2ccc3c(c2)OCO3)n1,6.962573502
O=C(Nc1ccc(O)c(O)c1)c1ccc(NCc2ccccc2O)cc1,5.995678626
O=C(CCc1ccc(NC(=O)c2ccccc2O)cc1)Nc1ccc(O)c(O)c1,5.838631998
CC(C)(C)c1ccc(CN2CCN(C(=O)CCc3cc(-c4ccc(F)cc4)n(-c4ccc(Cl)nn4)n3)CC2)cc1,5
CC1(C)CCC[C@]2(C)C3=CC4=CC(=O)C(=O)C=C4O[C@@]3(C)CC[C@@H]12,5.15490196
Oc1ccc(Br)cc1Oc1c(O)ccc(Br)c1Br,4.958607315
CCOC(=O)c1[nH]c2cc(Cl)ccc2c1/C=N/NC(=O)CNc1cccc([N+](=O)[O-])c1,5
Oc1ccc(CCCCc2ccc(Cl)cc2)cc1O,4.823908741
Cc1ccc(CCCCc2ccc(O)c(O)c2)cc1,4.665546249
CO[C@H]1C[C@]2(O)C(=O)C=C3O[C@@]4(C)CC[C@H]5C(C)(C)CCC[C@]5(C)[C@H]4C=C3[C@@H]2O1,4.229147988
CC1=C(CC/C(C)=C/CC/C(C)=C/Cc2cc(O)ccc2O)C(C)(C)CCC1,4.721246399
CCCc1ccc(/C=C2\S/C(=N/c3nnc(C)s3)NC2=O)cc1,5.507239611
COc1ccc(-c2nnc(/N=C3\NC(=O)CS3)s2)cc1,5.595166283
CC1(C)CCC[C@]2(C)[C@H]3C=C4C(=CC(=O)[C@@H]4O)O[C@@]3(C)CC[C@@H]12,3.823908741
OCc1ccc(Br)cc1,4
Oc1ccc(Br)cc1Br,4.468521083
CCOC(=O)C1CCN(C(=O)CCc2cc(-c3ccc(C)cc3)n(-c3ccccc3)n2)CC1,5
COc1cc(C[C@@H](C)[C@@H](C)Cc2ccc(O)c(O)c2)ccc1O,6.602059991
CCc1ccc(CSc2nccn2-c2ccccc2)cc1,4.301029996
CC(C)NC(=O)c1cc2ccc(Cl)cc2[nH]1,5.007888512
COc1ccc(C2COc3c(ccc(O)c3O)C2)cc1,5.244125144
CCOC(=O)c1[nH]c2cc(Cl)ccc2c1/C=N/NC(=O)COc1ccccc1Cl,6.638272164
COc1ccc(C[C@@H](C)[C@@H](C)Cc2ccc(OC)c(O)c2)cc1O,6.236572006
C[C@H](Cc1cc(O)c(O)cc1[N+](=O)[O-])[C@@H](C)Cc1cc(O)c(O)cc1[N+](=O)[O-],6.455931956
Nc1[nH]c(C(=O)c2ccccc2)c(-c2cccnc2)c1C(=O)c1cccc(Cl)c1,4
Cc1ccc(C(=O)Nc2ccc(CCc3ccc(O)c(O)c3)cc2)c(O)c1,6.397940009
CCN([C@@H]1CCN(C(C)c2ccc(F)cc2)C1)S(=O)(=O)NCCc1c(-c2cccs2)n[nH]c1-c1cnccn1,7.292429824
COc1cccc(CNc2ccc(S(=O)(=O)Nc3nc4ccccc4o3)cc2)c1O,4
CC(=O)NC(c1cccs1)c1cc(Br)c2cccnc2c1O,4.522878745
O=C(/C=C/c1ccc(NC(=O)c2ccccc2O)cc1)Nc1ccc(O)c(O)c1,5.832682665
CNc1nnc(-c2cccc3ccccc23)o1,5.26760624
CN(C)c1oc(-c2cccc3ccccc23)nc1C#N,4.522878745
CNc1oc(-c2ccc3c(c2)OCCO3)nc1C#N,4.397940009
CNc1oc(-c2ccc3cc[nH]c3c2)nc1C#N,4.397940009
C[C@H](Cc1ccc(O)c(O)c1)[C@@H](C)Cc1ccc2c(c1)OC(C)(C)O2,7.070581074
COc1ccc(C2COc3cc(O)c(O)cc3C2=O)cc1,4.721246399
CC(C)Cc1oc2ccccc2c(=O)c1O,4
CCCCCCCCOC(=O)NS(=O)(=O)Nc1cc(-c2cc3ccccc3[nH]2)ccc1OC,7.48148606
CCCC(=O)c1c(C(=O)OCC)[nH]c2cc(Cl)ccc12,6.13667714
CCOC(=O)c1[nH]c2cc(Cl)ccc2c1/C=N/NC(=O)Cc1ccc(OC)c(OC)c1,6.036212173
CCCc1cc(=O)c2ccc(O)cc2o1,4
CCCc1cc(=O)c2cc(O)ccc2o1,4
O=c1c(-c2ccccc2)coc2c(O)c(O)ccc12,4.886056648
CC(C)=CCC[C@@]1(C)CCC[C@]2(C)[C@H](Cc3cc(C(=O)O)ccc3O)C(C)=CC[C@@H]12,5.27572413
COc1cccc(CNc2ccc(S(=O)(=O)Nc3ccccc3)cc2)c1O,5.119186408
C[C@H](Cc1cc(O)c(O)cc1Cl)[C@@H](C)Cc1cc(O)c(O)cc1Cl,7.187086643
O=C(Nc1ccc(CCCCc2ccc(O)c(O)c2)cc1)c1ccccc1O,6.522878745
Nc1[nH]c(C(=O)c2ccccc2)c(-c2ccc(Cl)cc2Cl)c1C(=O)c1cccc(Br)c1,5.200659451
CCOC(=O)c1[nH]c2cc(Cl)ccc2c1/C=C/C(=O)NCc1ccccc1Cl,6.13076828
Oc1ccc(-c2ccccc2)c(O)c1,5
O=C1C=C(Cc2ccc3ccccc3c2)C(=O)C=C1O,5
Oc1cc2c(cc1O)C(c1ccccc1)CCC2,4.413412695
Oc1ccc(CCCCc2ccccc2)cc1O,5.13667714
Nc1[nH]c(C(=O)c2ccccc2)c(-c2cccc3ccccc23)c1C(=O)c1ccc(Cl)c(Cl)c1,4
Nc1[nH]c(C(=O)c2ccccc2)c(-c2ccccc2)c1C(=O)c1cccc(Cl)c1,4.168130226
Oc1c(Oc2ccc(Br)cc2Br)cc(Br)c(Br)c1Br,5.13076828
CNc1oc(-c2cccc3ccccc23)nc1C(=O)OC,4.397940009
CNc1sc(-c2cccc3ccccc23)nc1C#N,4.301029996
CCCCNc1oc(-c2cccc3ccccc23)nc1C#N,6.920818754
Brc1ccc(CSc2nccn2-c2ccccc2)cc1,4.301029996
CCCCCCCCCCCCNC(=O)c1cc(-c2ccccc2)sc1N,4.325138859
CCCCNC(=O)c1c(N)sc(-c2ccccc2)c1C,4.301029996
CCCCN(CCCC)C(=O)c1cc(-c2ccccc2)sc1N,4.301029996
CCOC(=O)c1[nH]c2cc(Cl)ccc2c1C(=O)Cc1ccc(F)cc1,6.113509275
CCOC(=O)c1[nH]c2cc(Cl)ccc2c1/C=N/NC(=O)COc1ccc([N+](=O)[O-])cc1,5
CCOC(=O)c1[nH]c2cc(Cl)ccc2c1/C=N/NC(=O)c1cc(C(C)(C)C)nn1Cc1cccc(C)c1,5.374687549
CCCNC(=O)c1[nH]c2cc(Cl)ccc2c1C(=O)C[C@@H](C)CCCC(C)C,4.698970004
Cc1cccc(C(=O)c2c(N)[nH]c(C(=O)c3ccccc3)c2-c2ccc(Cl)cc2Cl)c1,4
Nc1[nH]c(C(=O)c2ccccc2)c(-c2ccncc2)c1C(=O)c1cccc(Cl)c1,4
CCOC(=O)c1[nH]c2cc(Cl)ccc2c1/C=N/NC(=O)COc1ccc(Cl)cc1,6.13076828
CCOC(=O)c1[nH]c2cc(Cl)ccc2c1/C=C/C(=O)NCc1cccc(OC)c1,6.397940009
Oc1c(Cl)cc(C(c2cc(Cl)c(O)c(Cl)c2)C(c2cc(Cl)c(O)c(Cl)c2)c2cc(Cl)c(O)c(Cl)c2)cc1Cl,5.026872146
Oc1c(Cl)cc(C(c2cc(Cl)c(O)c(Cl)c2)C(c2cc(Cl)c(O)c(Cl)c2)c2cc(Cl)c(O)c(Cl)c2)cc1Cl,4.301029996
CC[C@](O)(c1cn(Cc2ccc3c(-c4ccc(F)cc4)c(C(N)=O)sc3c2)nn1)C(F)(F)F,4.698970004
CCOC(=O)c1[nH]c2cc(Cl)ccc2c1/C=N/NC(=O)C1CCN(C(=O)OC(C)(C)C)CC1,6.327902142
CCOC(=O)c1[nH]c2cc(Cl)ccc2c1/C=N/NC(=O)[C@H](Cc1ccccc1)NC(=O)OC(C)(C)C,5
CCOC(=O)c1[nH]c2cc(Cl)ccc2c1/C=N/NC(=O)COc1ccccc1,5
Nc1[nH]c(C(=O)c2ccccc2)c(-c2ccc(Cl)cc2Cl)c1C(=O)c1ccccc1,4
Cc1c(Cl)cccc1NC(=O)CSCc1ccccc1,4.301029996
CCOC(=O)C1CCN(CCC(=O)Nc2cc(C)cc(C)c2)CC1,4
Cc1cccc(C(=N)NOC(=O)c2ccc(C)cc2Cl)c1,5.167491087
Cc1cc(CSc2ccccc2)ccc1NC(=O)c1ccccc1Cl,4
COc1cc2c(cc1O)O[C@@]1(C)CC[C@H]3C(C)(C)CCC[C@]3(C)C1=C2,6
COC1=CC2=C[C@@H]3[C@@]4(C)CCCC(C)(C)[C@@H]4CC[C@]3(C)OC2=CC1=O,5.769551079
Cc1ccc(-c2c(C(=O)c3ccccc3)[nH]c(N)c2C(=O)c2cccc(Cl)c2)c(C)c1,4.408935393
O=C(Nc1ccc(F)cc1Cl)c1cc(Cl)[nH]n1,7.657577319
O=C(Nc1ccc2ccccc2n1)c1cc[nH]n1,6.476253533
O=C(Nc1ccc(Cl)cc1Cl)c1cn[nH]n1,7.004364805
Nc1[nH]c(C(=O)c2ccccc2)c(-c2ccc(Cl)cc2Cl)c1C(=O)c1cccc(Cl)c1,5.161150909
Nc1[nH]c(C(=O)c2ccccc2)c(-c2cccc(Cl)c2)c1C(=O)c1cccc(Cl)c1,4
O=C(Nc1ccc(CCc2ccc(O)c(O)c2)cc1)c1ccc(-c2ccccc2)cc1O,4.602059991
O=C(OCC#CCSc1nnc(-c2cccc3ccccc23)o1)c1cccc(F)c1,8
O=C(CSc1nnc2ccc3ccccc3n12)NCCc1ccccc1,4
COc1ccccc1COc1cc(C)cc2oc(=O)cc(-c3ccccc3)c12,4
O=C(COc1ccccc1)NC(=S)Nc1ccc(Cc2ccncc2)cc1,4
O=C(Nc1ccc(CCc2ccc(O)c(O)c2)cc1)c1ccc(Cl)cc1O,6.397940009
Nc1[nH]c(C(=O)c2ccccc2)c(-c2ccc(O)cc2O)c1C(=O)c1cccc(Cl)c1,5.080921908
CCOC(=O)c1[nH]c2cc(Cl)ccc2c1/C=N/NC(=O)Cc1cccs1,5
Cc1nnc(/N=C2\NC(=O)/C(=C/C3CCCCC3)S2)s1,5.473660723
Cc1ccc(C2COc3c(ccc(O)c3O)C2)cc1,5.431798276
CC(C)c1oc2ccccc2c(=O)c1O,4
CC(C)Cc1cc(=O)c2cc3c(cc2o1)OCO3,4
CCCCC/C=C\C/C=C\C/C=C\C=C\C(=O)CCCC(=O)O,4.602059991
Cc1ccc(CNC(=O)C(C)Oc2cccc(Cl)c2)cc1,4
Oc1c(Br)cccc1Br,4
Nc1[nH]c(C(=O)c2ccccc2)c(-c2ccccc2Cl)c1C(=O)c1cccc(Cl)c1,4
CC(C)=CCC/C(C)=C/COc1cc2ccccc2oc1=O,4
CC(C)=CCC/C(C)=C/CC/C(C)=C/COc1cc2ccccc2oc1=O,4.301029996
O=C(Nc1ccc(F)cc1Cl)c1n[nH]cc1C(F)(F)F,6.931814138
Nc1c[nH]nc1C(=O)Nc1ccc(F)cc1Cl,6.19314197
Cc1nnc(/N=C2\NC(=O)/C(=C/c3ccc(Cl)cc3)S2)s1,5.507239611
O=C(CCc1cccc(NC(=O)c2ccccc2O)c1)Nc1ccc(O)c(O)c1,5.777283529
O=c1c(-c2ccc([N+](=O)[O-])c(O)c2)coc2cc(O)c(O)cc12,4
O=c1cc(-c2ccccc2)oc2cc3c(cc12)OCO3,4
CCCCCc1cc(=O)c2ccc(O)cc2o1,4
Oc1cc2c(cc1O)OCC(c1ccc3c(c1)OCO3)C2,6.455931956
CC(C)(C)c1cc(=O)c2cc(O)c(O)cc2o1,4.744727495
O=C1CCN(c2ccccc2)N1,6.37675071
O=C(Nc1ccc(CCc2ccc(O)c(O)c2)cc1)c1ccccc1O,6.522878745
CC(C)=CCC[C@@]1(C)CCC[C@]2(C)[C@@H](Cc3cc(C(=O)O)ccc3O)C(C)=CC[C@@H]12,5.853871964
Nc1cc(C(=O)Nc2ccc(F)cc2Cl)n[nH]1,6.476253533
Cc1cc(C(=O)Nc2ccc(F)cc2Cl)n[nH]1,6.12090412
CC(C)(C)c1cc(=O)c2ccc(O)cc2o1,4
O=c1c(-c2ccc(Cl)cc2)coc2c(O)c(O)ccc12,5.045757491
Oc1ccc(CCCCc2ccc(Cl)c(Cl)c2)cc1O,4.473660723
CNc1oc(C2CCCC2)nc1C#N,4.301029996
CNc1oc(-c2ccc3ccccc3c2)nc1C#N,4.522878745
O=C(Nc1ccc(CCc2ccc(O)c(O)c2)cc1)c1ccc2ccccc2c1O,6.397940009
O=c1c(-c2ccc3c(c2)OCO3)coc2cc(O)c(O)cc12,4
O=C(Nc1ccc(O)c(O)c1)c1ccc(NC(=O)c2ccccc2O)cc1,5.896196279
O=C(Nc1ccc(NC(=O)c2ccccc2O)cc1)Nc1ccc(O)c(O)c1,5.821023053
COc1cccc(CNc2ccc(S(=O)(=O)Nc3cccc(C(C)C)c3)cc2)c1O,4
COc1cccc(CNc2ccc(S(=O)(=O)Nc3nc4ccccc4[nH]3)cc2)c1O,4.15490196
O=C(Nc1ccc(F)cc1Cl)c1n[nH]cc1I,6.735182177
O=C(Nc1ccc(CCCc2ccc(O)c(O)c2)cc1)c1ccccc1O,6.522878745
C#CCNC(=O)c1cc(-c2ccccc2)sc1N,4.730487056
CCCCCc1oc2ccccc2c(=O)c1O,4
Cc1nnc(/N=C2\NC(=O)/C(=C/c3ccc(N(C)C)cc3)S2)s1,5.507239611
CC(C)=CCC/C(C)=C/CC/C(C)=C/COc1cccc2ccc(=O)oc12,4.806875402
O=C(OCC#CCSc1nnc(-c2ccc3ccccc3c2)o1)c1ccc(F)cc1,8
CC(C)=CCC/C(C)=C/CC/C(C)=C/COc1ccc2oc(=O)ccc2c1,5.886056648
Oc1ccccc1-c1cc[nH]n1,4.301029996
COc1ccc(CCc2ccc(NC(=O)c3ccccc3O)cc2)cc1OC,4.602059991
Cc1ccc(-c2cc(CCC(=O)Oc3ccc(C(C)C)cc3)nn2-c2ccc3ccccc3n2)cc1,5
CC(C)(Sc1cc(C(C)(C)C)c(O)c(C(C)(C)C)c1)Sc1ccc(C(C)(C)C)c(OC[C@@H](O)[C@@H](O)[C@H](O)[C@@H](O)CO)c1C(C)(C)C,4.920818754
O=C(OCC#CCSc1nnc(-c2cccc3ccccc23)o1)c1ccc(F)c(F)c1,8
O=C(OCC#CCSc1nnc(-c2cccc3ccccc23)o1)c1ccc(C(F)(F)F)cc1,8
COc1ccc(Cc2sc(-c3ccc(Cl)cc3)nc2O)cc1,5
CCc1cc(-c2[nH]ncc2Oc2ccccc2)c(O)cc1O,5.036212173
O=c1c(-c2cccc(Cl)c2)coc2c(O)c(O)ccc12,5.207608311
O=C(Nc1ccc(/N=C(\S)Nc2ccc(O)c(O)c2)cc1)c1ccccc1O,5.709965389
COc1ccc(C2COc3c(ccc(O)c3O)C2)cc1OC,4
CCc1cc(=O)c2cc(O)ccc2o1,4
O=c1c(-c2cccc(C(F)(F)F)c2)coc2c(O)c(O)ccc12,5.080921908
CCOC(=O)c1[nH]c2cc(Cl)ccc2c1/C=C/C(=O)NCCc1ccccc1OC,6.568636236
CCOC(=O)c1[nH]c2cc(Cl)ccc2c1/C=C/C(=O)NCc1ccc(OC)cc1,6.124938737
CCOC(=O)c1[nH]c2cc(Cl)ccc2c1/C=C/C(=O)NCc1ccccc1,5.614393726
CCOC(=O)c1c2cccccc-2c2c(OCC)oc(=O)c(C#N)c12,4.616184634
O=c1c(O)c(-c2ccc(O)c(O)c2)oc2cc(O)cc(O)c12,5.657577319
Cc1cccc(C2COc3cc(O)c(O)cc3C2)c1,6.677780705
CNc1oc(-c2cccc3cnccc23)nc1C#N,4.522878745
Cc1cccc(C2COc3cc(O)c(O)cc3C2=O)c1,6.677780705
CNc1oc(-c2ccc3c(c2)OCO3)nc1C#N,5.119186408
Cc1ccc(-c2cc(CCC(=O)N3CCN(Cc4ccc(C(C)(C)C)cc4)CC3)nn2-c2ccccc2)cc1,5
Cc1ccc(-c2cc(CCC(=O)Oc3ccc(C(C)C)cc3)nn2-c2ccccc2)cc1,5
C=CCCCCCCCc1cc(C(=O)NCCCC)c(N)s1,4.818156412
CCCCCc1cc(C(=O)NCCCC)c(N)s1,4.301029996
CCCCCCCC(=O)Nc1sc(-c2ccccc2)cc1C(=O)NCCCC,4.549750892
CCCCn1c(=O)[nH]c2sc(-c3ccccc3)cc2c1=O,4.301029996
O=C(Nc1ccc(F)cc1Cl)c1n[nH]c(C(F)(F)F)c1C(F)(F)F,6.554395797
O=C(Nc1ccc(F)cc1Cl)c1cn[nH]n1,6.243363892
O=C(Nc1cnc2ccccc2c1)c1cn[nH]n1,5.853871964
O=C(Nc1cnc2ccccc2c1)c1cn[nH]n1,5.991399828
CC(C)=CCC/C(C)=C/CC/C(C)=C/COc1ccccc1,4.301029996
Cc1cc(Cl)ccc1OCC(=O)Nc1cc(C(C)C)ccc1O,3.698970004
CC1(C)CCC[C@@]2(C)C3=C(CC[C@H]12)C/C(=C\Cc1cc(C(=O)O)ccc1O)CC3,4.838631998
CNc1oc(-c2cccc(Cl)c2)nc1C#N,5.200659451
O=C1c2cc(O)c(O)cc2OCC1c1ccc(O)cc1,4
CC(C)(Sc1cc(C(C)(C)C)c(O)c(C(C)(C)C)c1)Sc1ccc(C(C)(C)C)c(OC[C@H]2OC(O)[C@H](O)[C@@H](O)[C@@H]2O)c1C(C)(C)C,5
CCOC(=O)c1[nH]c2cc(Cl)ccc2c1C(=O)Cc1ccc(C)cc1,5.681936665
CCCc1cc(Cl)c2oc(Cc3ccc(OC)cc3)c(C)c2c1O,4.397940009
CC1(C)CCC[C@]2(C)[C@H]3C=C4C=C(O)C(=O)C=C4O[C@@]3(C)CC[C@@H]12,5.22184875
O=C(OCC#CCSc1nnc(-c2cccc3ccccc23)o1)c1ccc2ccccc2c1,6.853871964
O=C(Nc1ccc(Cl)cc1Cl)c1cn[nH]n1,7.251811973
CCCCCCNC(=O)n1nc(C(=O)Nc2ccc(F)cc2Cl)cc1C,6.403402904
CCOC(=O)c1[nH]c2cc(Cl)ccc2c1C(=O)CCc1ccccc1,6.251811973
CCCCCNC(=O)n1ccc(C(=O)Nc2ccc(F)cc2Cl)n1,6.389339837
CCCCCCNC(=O)n1cc(C)c(C(=O)Nc2cccc3c2OC(F)(F)O3)n1,6.653647026
CCCCCCNC(=O)n1nc(C(=O)Nc2ccc(F)cc2Cl)cc1C,7.070581074
CNc1nnc(-c2cccc3ccccc23)s1,4.397940009
O=C(Nc1cnc2ccccc2c1)c1cc[nH]n1,7.036212173
O=C(Nc1ccc(F)cc1Cl)c1n[nH]c(C(F)(F)F)c1Cl,7.431798276
Oc1c(Br)cc(Br)cc1Oc1c(Br)cc(Br)c(Br)c1O,5.602059991
CCCCCNc1oc(-c2cccc3ccccc23)nc1C#N,6.522878745
O=C(Nc1ccc(F)cc1Cl)c1n[nH]c(Cl)c1Cl,7.853871964
CNc1ncc(-c2cccc3ccccc23)o1,4.397940009
CNc1oc(-c2ccc(Cl)c(Cl)c2)nc1C#N,4.301029996
O=C(Nc1cc2ccccc2cn1)c1cc[nH]n1,6.391473966
O=C(Nc1ccc(C(F)(F)F)cc1)c1cc[nH]n1,6.284832642
O=C(Nc1ccc(F)cc1C(F)(F)F)c1cc[nH]n1,7.026872146
O=C(Nc1ccccn1)c1cc[nH]n1,5.467245621
O=C(Nc1ccc(F)cc1Cl)c1cc([N+](=O)[O-])[nH]n1,5.482804102
c1ccc2oc(-c3cc[nH]n3)nc2c1,6.195179321
Clc1ccc2oc(-c3cc[nH]n3)nc2c1,6.353596274
CNc1oc(-c2ccc(-c3ccccc3)cc2)nc1C#N,4.397940009
N#Cc1nc(-c2cccc3ccccc23)oc1NC1CNC1,4.397940009
CNc1oc(-c2ccccc2-c2ccccc2)nc1C#N,4.638272164
N#Cc1nc(-c2cccc3ccccc23)oc1NCc1ccccc1,4.522878745
COc1ccc(C[C@@H](C)[C@@H](C)Cc2ccc(O)c(O)c2)cc1OC,6.236572006
CC(C)(C)c1cc(=O)c2cc3c(cc2o1)OCO3,4
CC(C)Cc1cc(=O)c2cc(O)ccc2o1,4
Cc1cccc(-c2coc3c(O)c(O)ccc3c2=O)c1,4.958607315
Cc1ccc(-c2coc3c(O)c(O)ccc3c2=O)cc1,5.107905397
CCCCNC(=O)c1cc(-c2ccc(Cl)cc2)sc1N,4.301029996
Oc1c(Br)cc(Br)cc1Oc1c(Br)cc(Br)c(Br)c1O,5.657577319
COc1ccccc1N1CCN(C(=O)CCCCC(=O)N2CCN(c3ccccc3OC)CC2)CC1,4
Cc1ccccc1C(=O)Nc1cccc(NC(=O)c2cccs2)c1,4.301029996
COc1ccc(CCCCc2ccc(O)c(O)c2)cc1,4.823908741
Oc1ccc(CCCCc2ccc(O)c(O)c2)cc1,5.026872146
CC(C)(C)c1cc(=O)c2cc(O)ccc2o1,4
COc1cc2c(cc1O)O[C@@]1(C)CC[C@H]3C(C)(C)CCC[C@]3(C)[C@H]1[C@@H]2OC,5.142667504
CC(C)(Sc1cc(C(C)(C)C)c(O)c(C(C)(C)C)c1)Sc1cc(C(C)(C)C)c(O)c(C(C)(C)C)c1,4.853871964
Oc1ccc(C2COc3cc(O)c(O)cc3C2)cc1,6.292429824
CCCCCc1cc(=O)c2cc(O)ccc2o1,4.420216403
CCCCNC(=O)c1cc(CC)sc1N,4.301029996
CCCCNC(=O)c1cc2ccc(Cl)cc2[nH]1,4.885389016
CCOC(=O)c1[nH]c2cc(Cl)ccc2c1C(=O)NC[C@H](C)CCCC(C)C,5.542118103
CCOC(=O)c1[nH]c2cc(Cl)ccc2c1/C=C/C(=O)NCc1ccc(Cl)cc1Cl,5.530177984
COc1ccc(-c2c(C(=O)c3ccccc3)[nH]c(N)c2C(=O)c2cccc(Cl)c2)c(OC)c1,4.235077015
COc1cc(CCc2ccc(NC(=O)c3ccc(C)cc3O)cc2)ccc1O,4.602059991
CCOC(=O)c1[nH]c2cc(Cl)ccc2c1/C=C/C(=O)NCCc1ccccc1,4.698970004
CC(C)=CCC/C(C)=C/COc1cccc2oc(=O)ccc12,4.89279003
O=C(OCC#CCSc1nnc(-c2cccc3ccccc23)o1)c1ccsc1,8
CCOC(=O)c1cc2ccc(Cl)cc2[nH]1,5.522878745
COc1cc(/C=C/C(=O)/C=C(O)/C=C/c2ccc(O)c(OC)c2)ccc1O,5.920818754
Oc1ccccc1Br,4
O=C(OCC#CCSc1nnc(-c2cccc3ccccc23)o1)c1ccc2ccccc2c1,7.301029996
CC(Cc1ccc(O)c(O)c1)C(C)Cc1ccc(O)c(O)c1,6.958607315
Oc1ccc(-c2cccc3c2Sc2ccccc2S3)c(O)c1,5
CCCCCCC1=CC(=O)C(O)=CC1=O,5
O=C(Nc1ccc(F)cc1Cl)c1cc(Cl)[nH]n1,7.148741651
Oc1ccccc1-c1cc(-c2ccco2)[nH]n1,5.15490196
COc1ccc(O)c(-c2cc(-c3ccc(F)cc3)[nH]n2)c1,4.958607315
CC(C)=CCC/C(C)=C/CC/C(C)=C/COc1ccc2ccc(=O)oc2c1,4.777283529
CC(c1cc2ccccc2s1)N(O)C(N)=O,4.806875402
c1ccc2c(c1)SCc1c-2[nH]c2ccccc12,6.091514981
CNc1oc(-c2cccc3ccccc23)nc1C#N,6.698970004
Nc1[nH]c(C(=O)c2ccccc2)cc1C(=O)c1cccc(Cl)c1,4.378823718
Nc1[nH]c(C(=O)c2ccccc2)c(-c2ccc(-c3ccccc3)cc2)c1C(=O)c1cccc(Cl)c1,4
Nc1[nH]c(C(=O)c2ccccc2)c(-c2ccc(F)cc2F)c1C(=O)c1cccc(Cl)c1,4.355561411
Nc1[nH]c(C(=O)c2ccccc2)c(-c2ccc3c(c2)OCO3)c1C(=O)c1cccc(Cl)c1,4
Nc1[nH]c(C(=O)c2ccccc2)c(-c2ccc(Cl)cc2Cl)c1C(=O)c1ccc(Cl)c(Cl)c1,4.89279003
O=C(OCC#CCSc1nnc(-c2cccc3ccccc23)o1)c1ccc2ccccc2c1,7.397940009
O=c1c(O)c(-c2ccccc2)oc2ccc(O)cc12,4
CCCCNC(=O)c1c(N)sc(-c2ccccc2)c1CCCC,4.301029996
O=C1CCN(c2ccccc2)N1,6.37675071
O=c1c(-c2ccc(O)cc2)coc2cc(O)c(O)cc12,4.30980392
Oc1cc(Br)c(Br)c2c1Oc1cc(Br)cc(Br)c1O2,6.045757491
Cc1ccc(O)c(-c2cc(-c3cccc(Br)c3)[nH]n2)c1,5.040958608
Cc1ccc(O)c(-c2cc(-c3ccccc3C)[nH]n2)c1,5.468521083
CC(Cc1ccc(O)c(O)c1)C(C)Cc1ccc(O)c(O)c1,6.958607315
CCCNC(=O)c1[nH]c2cc(Cl)ccc2c1CN(C)C,4.698970004
CCOC(=O)c1[nH]c2cc(Cl)ccc2c1/C=C/C(=O)NCCc1ccc(Cl)cc1Cl,6.721246399
CCCNC(=O)c1c(C(=O)OCC)[nH]c2cc(Cl)ccc12,4.698970004
CC(C)=CCC[C@@]1(C)CCC[C@]2(C)[C@@H](Cc3cc(C(=O)O)ccc3O)C(C)=CC[C@@H]12,5.327902142
O=C(OCC#CCSc1nnc(-c2cccc3ccccc23)o1)c1ccc2ccccc2c1,7.301029996
O=C(Nc1ccc(F)cc1Cl)c1cc(C(F)(F)F)[nH]n1,6.950781977
O=C(Nc1ccc(F)cc1Cl)c1n[nH]cc1[N+](=O)[O-],5.229147988
CC(C)(C)c1cc(C(=O)Nc2ccc(F)cc2Cl)n[nH]1,7.37675071
O=C(Nc1ccccc1)c1cn[nH]n1,7.013228266
O=C(Nc1ccc(F)cc1)c1cn[nH]n1,6.023650021
O=C(Nc1ccc(F)cc1)c1cn[nH]n1,5.615109203
O=C(Nc1ccccc1Cl)c1cn[nH]n1,5.156393528
O=C(Nc1ccc(F)cc1Cl)c1cn[nH]n1,7.167491087
CC(C)/C=C/c1c(O)cc(-c2cc3ccc(O)cc3o2)cc1O,6.075720714
Oc1ccc(Cc2ccc3ccccc3c2)c(O)c1,5
O=C(Nc1ccc(F)cc1Cl)c1ccn(S(=O)(=O)c2cccc(C(F)(F)F)c2)n1,5.973875483
Oc1ccccc1-c1cc(-c2ccccc2Cl)[nH]n1,5.397940009
Cc1ccc(O)c(-c2cc(-c3cccc(F)c3)[nH]n2)c1,5
CC(C)(c1cc(Br)c(O)c(Br)c1)c1cc(Br)c(O)c(Br)c1,5.397940009
CCOC(=O)c1[nH]c2cc(Cl)ccc2c1/C=N/NC(=O)Cc1ccccc1,5
CCOC(=O)c1[nH]c2cc(Cl)ccc2c1/C=N/NC(=O)CSc1nc2ccccc2[nH]1,6.853871964
N#Cc1nc(-c2cccc3ccccc23)oc1N,4.602059991
CCCCCCc1ccc(O)cc1O,5
CCCNC(=O)c1cc2ccc(Cl)cc2[nH]1,5.388276692
CCOC(=O)c1[nH]c2cc(Cl)ccc2c1/C=C/C(=O)NCc1ccccc1OC,6.721246399
CCCCCCCCCC(=O)c1c(C(=O)OCC)[nH]c2cc(Cl)ccc12,6.698970004
CCOC(=O)c1[nH]c2cc(Cl)ccc2c1C(=O)Cc1ccccc1,6.22184875
O=c1cc(-c2ccccc2)oc2cc(O)c(O)c(O)c12,5.040958608
O=C(Nc1ncc(Cl)s1)c1cc[nH]n1,6.886056648
O=C(Nc1ccc(Cl)c(Cl)c1)c1cc[nH]n1,5.879426069
O=C(Nc1ccc(C(F)(F)F)cc1)c1cc[nH]n1,6.348721986
O=C(Nc1ccc(F)cc1Cl)c1cc(C(F)(F)F)[nH]n1,6
O=C(Nc1ccc(F)cc1Cl)c1n[nH]c(C(F)F)c1Cl,7.408935393
O=C(Nc1ccc(F)cc1Cl)c1n[nH]cc1[N+](=O)[O-],6.210419288
O=C(Nc1cc(Cl)ccc1Cl)c1cn[nH]n1,7.102372909
O=C(Nc1ccc(F)cn1)c1cn[nH]n1,5.401756808
O=C(Nc1cnc2cc(F)ccc2c1)c1cn[nH]n1,6.22475374
Clc1ccc2nc(-c3cc(Cl)[nH]n3)oc2c1,6.882728704
CCOC(=O)c1[nH]c2cc(Cl)ccc2c1C(=O)CC,5.749579998
CCOC(=O)c1[nH]c2cc(Cl)ccc2c1C(=O)C[C@@H](C)CCCC(C)C,7.045757491
CCOC(=O)c1cc2ccc(Cl)cc2[nH]1,5.698970004
Oc1cc(Br)cc(Br)c1Oc1ccc(Br)cc1Br,4.823908741
CCOC(=O)c1[nH]c2cc(Cl)ccc2c1/C=N/NC(=O)CCC(C)C,5
CCOC(=O)c1[nH]c2cc(Cl)ccc2c1/C=N/NC(=O)COc1cccc2ccccc12,5
c1ccn2cccc2c1,4.602059991
CC(C)=CCC/C(C)=C/CC/C(C)=C/COc1cc(=O)oc2ccccc12,4.540607512
CC(C)=CCC/C(C)=C/CC/C(C)=C/COc1cccc2oc(=O)ccc12,5.443697499
CNc1oc(-c2cccc3ccccc23)nc1C#N,6.585026652
CCOC(=O)c1ccccc1NC(=O)CCCc1ccccc1,4.301029996
O=c1c(O)c(-c2ccccc2)oc2ccccc12,4.13667714
CC(=O)NC(c1cccs1)c1cc(Br)c2cccnc2c1O,4
CN1C(N)=N[C@]23CCCN2C(=O)c2cc(Br)c(Br)n2[C@H]13,4.318758763
CCNC(=O)c1cc2ccc(Cl)cc2[nH]1,5.162411562
CC(C)=CCC[C@@]1(C)CCC[C@]2(C)[C@H](Cc3cc(C(=O)O)ccc3O)C(C)=CC[C@@H]12,4.795880017
O=C(Nc1ccccc1Cl)c1cc[nH]n1,6.209011525
CNc1oc(-c2cccc3ccccc23)nc1C#N,6.920818754
FC(F)(F)c1ccc(CSc2nccn2-c2ccccc2)cc1,4.301029996
C[C@@]12CCC(=O)c3coc(c31)C(=O)c1cc3c(O)ccc(OS(=O)(=O)[O-])c3cc12.[Na+],3.698970004
COc1ccc2nc(NS(=O)(=O)c3ccc(NCc4cccc(OC)c4O)cc3)sc2c1,5.292429824
Cc1nnc(/N=C2\NC(=O)/C(=C/c3ccc(O)cc3)S2)s1,5.507239611
CC(Cc1ccc(O)c(O)c1)C(C)Cc1ccc(O)c(O)c1,6.958607315
C=CCNc1oc(-c2cccc3ccccc23)nc1C#N,5.522878745
CC1(C)CC[C@]2(C)CC[C@]3(C)C(=CC[C@@H]4[C@@]5(C)CC[C@@H](O)[C@](C)(C(=O)O)[C@@H]5CC[C@]43C)[C@@H]2C1,6
CCC(=O)NC(c1ccco1)c1cc(Cl)c2cccnc2c1O,4.301029996
CC(=O)NC(c1cccs1)c1cc(Cl)c2cccnc2c1O,4.602059991
O=C(OCC#CCSc1nnc(-c2cccc3ccccc23)o1)c1cc2ccccc2s1,8
CCCCCNC(=O)c1cc2ccc(Cl)cc2[nH]1,4.960982678
CCCNC(=O)c1[nH]c2cc(Cl)ccc2c1/C=C/C(=O)NCc1ccccc1OC,4.698970004
CCOC(=O)c1[nH]c2cc(Cl)ccc2c1/C=N/NC(=O)CCc1ccccc1,5
COc1ccc(-c2cc(-c3cc(OC)ccc3O)[nH]n2)cc1,5.22184875
c1ccc(-c2cc(-c3ccccc3)[nH]n2)cc1,4.301029996
Cc1ccccc1-c1cc(-c2ccccc2O)[nH]n1,5.15490196
Cc1ccc(O)c(-c2cc(C(=O)NCc3ccccc3)[nH]n2)c1,4.301029996
COc1ccc(O)c(-c2cc(-c3cccc(Br)c3)[nH]n2)c1,5.15490196
Oc1ccc(Br)cc1-c1cc(-c2ccccc2)[nH]n1,4.301029996
Cc1ccc(-c2cc(-c3ccccc3Cl)[nH]n2)c(O)c1,4.769551079
Oc1c(Cl)cc(Cl)c2cccnc12,5.619788758
CCC(=O)NC(c1cccs1)c1cc(Cl)c2cccnc2c1O,4.301029996
CCCNc1oc(-c2cccc3ccccc23)nc1C#N,7
CNc1oc(-c2ccc(Cl)cc2)nc1C#N,4.602059991
CNc1oc(-c2cccc3ccccc23)nc1C#N,4.301029996
Oc1cc(Br)c(Br)c(Br)c1Oc1ccc(Br)cc1Br,5.13076828
O=C1CS/C(=N/c2nnc(-c3ccccc3O)s2)N1,5.595166283
Cc1nnc(/N=C2\NC(=O)/C(=C/c3cccnc3)S2)s1,5.473660723
O=c1cc(-c2ccccc2)oc2cc(O)ccc12,4
CCCCCCCCOC(=O)NS(=O)(=O)Nc1cc(-c2cc3ccccc3[nH]2)ccc1OC,6.187086643
CCNc1oc(-c2cccc3ccccc23)nc1C#N,6.920818754
COc1ccc(-c2coc3cc(O)c(O)cc3c2=O)cc1,4
O=c1c(O)c(-c2ccccc2)oc2cccc(O)c12,5.48148606
O=c1c(O)c(-c2ccc(O)c(O)c2)oc2cc(O)ccc12,5.853871964
CC1=CC[C@H]2C(C)(C)CCC[C@]2(C)[C@H]1C[C@@H](OS(=O)(=O)[O-])[C@H](C)CCC/C(C)=C/Cc1cc(O)ccc1O.[Na+],6.045757491
CC(Cc1ccc(O)c(O)c1)C(C)Cc1ccc(O)c(O)c1,6.602059991
CC(Cc1ccc(O)c(O)c1)C(C)Cc1ccc(O)c(O)c1,5.420216403
COc1cccc(CNc2ccc(S(=O)(=O)Nc3nc4ccccc4s3)cc2)c1O,5.013228266
CNc1oc(-c2cccc3ccccc23)nc1C#N,6.698970004
CC(Cc1ccc(O)c(O)c1)C(C)Cc1ccc(O)c(O)c1,5.958607315
O=C(Nc1ccccc1)c1cc[nH]n1,7.327902142
Cc1nnc(/N=C2\NC(=O)CS2)s1,5.595166283
O=C(NC1CC1)c1cc2ccc(Cl)cc2[nH]1,4.698970004
CCOC(=O)c1[nH]c2cc(Cl)ccc2c1/C=N/NC(=O)Cc1cccc(O)c1,5.744727495
CCOC(=O)c1[nH]c2cc(Cl)ccc2c1/C=N/NC(=O)Cc1cccnc1,6.107905397
CCOC(=O)c1[nH]c2cc(Cl)ccc2c1/C=N/NC(=O)CCCOc1ccc(Cl)cc1Cl,5
O=c1cc(-c2ccc(O)c(O)c2)oc2cc(O)cc(O)c12,5.301029996
COc1cc(-c2nnc(/N=C3\NC(=O)CS3)s2)cc(OC)c1OC,5.595166283
COc1ccc(Cl)cc1NC(=O)c1oc2ccccc2c1C,4
COc1ccccc1C(=O)Nc1cccc(NC(=O)c2cccs2)c1,4.301029996
Nc1sc2c(c1C(=O)Nc1cccc(Cl)c1)CCCC2,4.725842151
Oc1ccc(Br)cc1,4.259637311
O=C1C=C(O)C(=O)C(CC2CCC3CCCCC3C2)=C1O,5
O=c1c(O)c(-c2ccccc2)oc2cc(O)ccc12,4
O=c1cc(-c2ccccc2)oc2ccc(O)cc12,4
O=C(Cc1ccc2ccccc2c1)c1ccc(O)cc1O,5
COc1cccc(CNc2ccc(S(=O)(=O)Nc3nccs3)cc2)c1O,4.301029996
Cc1ccc(-c2nnc(/N=C3\NC(=O)CS3)s2)cc1,5.595166283
O=C1CS/C(=N/c2nnc(-c3ccc(Br)cc3)s2)N1,5.595166283
COc1ccc(/C=C2\S/C(=N/c3nnc(C)s3)NC2=O)cc1,5.507239611
Cc1nnc(/N=C2\NC(=O)/C(=C/c3ccc(F)cc3)S2)s1,5.507239611
Cc1nnc(/N=C2\NC(=O)/C(=C/c3ccsc3)S2)s1,5.473660723
O=C(NCc1ccccc1)c1cccc(COc2ccc3c(c2)CCC3)c1,4
O=C(NCCc1ccccc1)c1cccc(C(=O)NCCc2ccccc2)n1,4
O=c1c(/C=N/Nc2ccc(C(F)(F)F)cc2)coc2c1ccc1oc(-c3ccc(Cl)cc3)cc12,4.826813732
CC(C)=CCC/C(C)=C/COc1ccc2ccc(=O)oc2c1,4.621602099
CC(C)=CCC/C(C)=C/COc1ccc2oc(=O)ccc2c1,5.167491087
COc1ccc(C2COc3cc(O)c(O)cc3C2)cc1,6.823908741
NC1=NN(c2cccc(C(F)(F)F)c2)CC1,3.671620397
Oc1c(Br)cc(Br)c(Br)c1Oc1ccc(Br)cc1Br,5.301029996
COc1cc(/C=C/c2cc(/C=C/c3cc(CC=C(C)C)c(O)c(OC)c3)[nH]n2)cc(CC=C(C)C)c1O,7.886056648
O=C(Nc1ccccc1Cl)c1cc[nH]n1,6.190440285
O=C1CS/C(=N/c2nnc(-c3ccc(O)cc3)s2)N1,5.595166283
CCCCNC(=O)c1cc(-c2ccccc2)sc1N,4.906578315
Oc1c(Br)c(Br)c(Br)c(Br)c1Oc1ccc(Br)cc1Br,6.15490196
Oc1ccc(CCCCc2ccc(O)c(O)c2)cc1O,5.408935393
O=C1CS/C(=N/c2nnc(-c3ccccc3)s2)N1,5.595166283
Cc1ccc(/C=C2\S/C(=N/c3nnc(C)s3)NC2=O)cc1,5.507239611
Cc1nnc(/N=C2\NC(=O)/C(=C/c3ccc(C(C)C)cc3)S2)s1,5.507239611
CNc1oc(-c2cccc3ccccc23)nc1C#N,6.408935393
CNc1oc(-c2cccc3ccccc23)nc1C#N,6.060480747
CNc1oc(-c2cccc3ccccc23)nc1C#N,6.744727495
CNc1oc(-c2cccc3ccccc23)nc1C#N,5.387216143
O=C(OCC#CCSc1nnc(-c2cccc3ccccc23)o1)c1ccc2ccccc2c1,7.22184875
O=C(OCC#CCSc1nnc(-c2cccc3ccccc23)o1)c1ccc2ccccc2c1,7.107905397
O=C(OCC#CCSc1nnc(-c2cccc3ccccc23)o1)c1ccccc1,8
O=C(OCC#CCSc1nnc(-c2cccc3ccccc23)o1)c1cccs1,7.721246399
CCCCNC(=O)c1cc(-c2ccccc2)sc1NC(C)=O,4.70333481
Nc1[nH]c(C(=O)c2ccccc2)c(-c2c(F)cccc2F)c1C(=O)c1ccc(Cl)c(Cl)c1,4
COc1ccc(-c2cc(-c3ccc(C)cc3)[nH]n2)c(O)c1,4.301029996
Cc1ccc(-c2cc(-c3ccc(C)cc3O)[nH]n2)cc1,4.301029996
Oc1ccccc1-c1cc(-c2ccccc2)[nH]n1,4.698970004
COc1ccc(O)c(-c2cc(-c3ccccc3Cl)[nH]n2)c1,5.180456064
CC(C)=CCc1c(O)cc(-c2cc3ccc(O)cc3o2)cc1O,5.91721463
COc1c(O)cc2oc3cc(O)c(CC=C(C)C)c(O)c3c(=O)c2c1CC=C(C)C,5.508638306
CCC(=O)NC(c1cccs1)c1ccc2cccnc2c1O,4.301029996
COCCNC(=O)c1cc(-c2ccccc2)sc1N,4.525783736
Cc1ccc(-c2cc(-c3cccc(F)c3)[nH]n2)c(O)c1,4.744727495
CC(c1cc2ccccc2s1)N(O)C(N)=O,6.397940009
Cc1ccc(-c2cc(-c3ccc(F)cc3)[nH]n2)c(O)c1,4.958607315
Cc1ccc(-c2cc(-c3ccccc3C)[nH]n2)c(O)c1,5
CNc1oc(-c2cccc3ccccc23)nc1C#N,6.113509275
CNc1oc(-c2cccc3ccccc23)nc1C#N,6.522878745
Cc1ccc(-c2cc(C(F)(F)F)nn2-c2ccc(S(N)(=O)=O)cc2)cc1,7.30980392
CCCCNC(=O)c1cc(-c2ccc(Br)cc2)sc1N,4.301029996
CNc1oc(-c2cccc3ccccc23)nc1C#N,6.48148606
CC(Cc1ccc(O)c(O)c1)C(C)Cc1ccc(O)c(O)c1,5.89279003
CCCCCc1ccc(S(=O)(=O)NCCc2c[nH]c3cc(C(=O)OC)ccc23)cc1,6.326058001
CCCCCc1ccc(S(=O)(=O)NCCc2c(-c3ccc(OC)cc3)n[nH]c2CC(C)C)cc1,6.515700161
CCN([C@@H]1CCN(C(C)(C)c2ccccc2)C1)S(=O)(=O)NCCc1c(-c2cccs2)n[nH]c1-c1cnccn1,8.568636236
O=C1O[C@H](c2ccc(O)c(O)c2)[C@H]2CO[C@H](c3ccc(O)c(O)c3)[C@@H]12,6.283996656
COc1cc2ccc(=O)oc2cc1O,4.782516056
OC[C@@H]1[C@@H]([C@H](O)c2ccc(O)c(O)c2)CO[C@@H]1c1ccc(O)c(O)c1,6.119186408
CCCCc1ccc(-c2ccc(S(=O)(=O)NCCc3c[nH]c4ccccc34)cc2)cc1,6.27572413
CCCCCc1ccc(S(=O)(=O)NC(=O)Cc2c[nH]c3ccccc23)cc1,5
CCCCCc1ccc(S(=O)(=O)NC(C)Cc2c[nH]c3ccccc23)cc1,5.795880017
CCCCCc1ccc(S(=O)(=O)NCCc2c[nH]c3ccccc23)cc1,6.37675071
O=S(=O)(NCCc1c[nH]c2ccccc12)c1ccc(-c2ccccc2)cc1,5.468521083
CCCCCc1ccc(S(=O)(=O)NCCc2c(-c3ccc(C(F)(F)F)cc3)[nH]c3ccccc23)cc1,7.37675071
CCCCCc1ccc(S(=O)(=O)NCCc2nc(-c3ccccc3)[nH]c2-c2ccc(OC)cc2)cc1,7.853871964
COc1ccc(-c2[nH]c(-c3cccs3)nc2CCNS(=O)(=O)N(C)[C@@H]2CCN(Cc3ccc(Cl)c(Cl)c3)C2)cc1,7.080921908
CCc1ccc(S(=O)(=O)NCCc2c[nH]c3ccccc23)cc1,5
CCCc1ccc(S(=O)(=O)NCCc2c[nH]c3ccccc23)cc1,5.494850022
CC(C)c1ccc(-c2ccc(S(=O)(=O)NCCc3c[nH]c4ccccc34)cc2)cc1,6.853871964
CN(CCO)C(=O)c1ccc(S(=O)(=O)NCCc2c(-c3cc4ccccc4o3)[nH]c3ccccc23)cc1,6.356547324
CN(C)CCN(C)C(=O)c1ccc(S(=O)(=O)NCCc2c(-c3cc4ccccc4o3)[nH]c3ccccc23)cc1,7.119186408
Cc1cccc(-c2ccc(S(=O)(=O)NCCc3c[nH]c4ccccc34)cc2)c1,6.494850022
CC(C)Cc1ccc(-c2ccc(S(=O)(=O)NCCc3c[nH]c4ccccc34)cc2)cc1,6.769551079
CCCCCc1ccc(S(=O)(=O)NCCc2c(-c3cc(OC)ccc3OC)[nH]c3ccccc23)cc1,7.552841969
O=C(Nc1ccccc1)c1ccc(S(=O)(=O)NCCc2c(-c3cc4ccccc4o3)[nH]c3ccccc23)cc1,7.292429824
COc1ccc(-c2[nH]c(-c3ccccc3)nc2CCNS(=O)(=O)N(C)[C@H]2CCN(Cc3ccccc3)C2)cc1,7.096910013
CCN([C@@H]1CCN(C(C)c2ccc(F)cc2)C1)S(=O)(=O)NCCc1nc(-c2cccs2)[nH]c1-c1ccc(OC)cc1,7.124938737
CCCCc1ccc(S(=O)(=O)NCCc2c[nH]c3ccccc23)cc1,5.397940009
CC(C)(C)c1ccc(-c2ccc(S(=O)(=O)NCCc3c[nH]c4ccccc34)cc2)cc1,6.568636236
N#Cc1ccn2c(-c3ccccc3)c(-c3ccccc3)cc2c1,4.292429824
CCCCCc1ccc(S(=O)(=O)NCCCc2nc(-c3ccccc3)[nH]c2-c2ccc(OC)cc2)cc1,6.853871964
CCCCCc1ccc(S(=O)(=O)NCCc2nc(-c3csc(C)n3)[nH]c2-c2ccc(OC)cc2)cc1,6.142667504
COc1ccc(-c2[nH]c(-c3ccccc3)nc2CCNS(=O)(=O)N2CCN(c3ccccc3)CC2)cc1,5.462180905
CCCCCc1ccc(S(=O)(=O)NCCc2nc(-c3ccccc3)[nH]c2-c2ccc(C(F)(F)F)cc2)cc1,6.42945706
O=C1c2c(O)ccc(O)c2C(=O)c2c(NCCNCCO)ccc(NCCNCCO)c21,5.748288795
CCCCCc1ccc(S(=O)(=O)NCCCc2c(-c3cc4ccccc4o3)[nH]c3ccccc23)cc1,8
CCCCCc1ccc(S(=O)(=O)NCCCCc2c[nH]c3ccccc23)cc1,6.958607315
COc1ccc(-c2ccc(S(=O)(=O)NCCc3c[nH]c4ccccc34)cc2)cc1,5.823908741
COc1ccc(NC(=O)c2ccc(S(=O)(=O)NCCc3c(-c4cc5ccccc5o4)[nH]c4ccccc34)cc2)cc1,7.585026652
O=C(NC1CCCCC1)c1ccc(S(=O)(=O)NCCc2c(-c3cc4ccccc4o3)[nH]c3ccccc23)cc1,7.468521083
NNC(=O)c1ccc(S(=O)(=O)NCCc2c(-c3cc4ccccc4o3)[nH]c3ccccc23)cc1,7.050609993
NNC(=O)c1ccc(S(=O)(=O)NCCc2c(-c3cc4ccccc4o3)[nH]c3ccccc23)cc1,6.869666232
CCCCCC(=O)/C=C/C=C\C/C=C\C/C=C\CCCC(=O)O,4.301029996
CCCCC/C=C\CC(=O)/C=C/C=C\C/C=C\CCCC(=O)O,4.301029996
COc1ccc(-c2c(-c3ccccc3)c(-c3ccccc3)n3ccc(C#N)cc23)cc1,4.431798276
O=S(=O)(NCCc1c[nH]c2ccccc12)c1ccc(-c2ccccc2)cc1,5.37675071
CCCCCc1ccc(S(=O)(=O)NCCCc2c[nH]c3ccccc23)cc1,6.468521083
CCCCCc1ccc(S(=O)(=O)NCCc2c[nH]c3ccc(F)cc23)cc1,5.200659451
CCCCCc1ccc(S(=O)(=O)NCCc2c(-c3cc4ccccc4o3)[nH]c3ccccc23)cc1,7.677780705
Cc1ccc(-c2ccc(S(=O)(=O)NCCc3c[nH]c4ccccc34)cc2)cc1,6.327902142
COc1ccc(-c2[nH]c(-c3ccccc3)nc2CCNS(=O)(=O)c2ccc(C)cc2)cc1,6.438898616
CCCCCc1ccc(S(=O)(=O)NCCc2nc(-c3cccs3)[nH]c2-c2ccc(OC)cc2)cc1,8.22184875
CCCCCc1ccc(S(=O)(=O)NCCc2nc(C)[nH]c2-c2ccc(OC)cc2)cc1,5
CCCCCc1ccc(S(=O)(=O)NCCc2nc(-c3ccc(OC)cc3)[nH]c2-c2ccc(OC)cc2)cc1,5
CCN([C@@H]1CCN(C(C)(C)c2ccccc2)C1)S(=O)(=O)NCCc1nc(-c2cccs2)[nH]c1-c1ccc(OC)cc1,6.879426069
CN([C@@H]1CCN(Cc2ccccc2)C1)S(=O)(=O)NCCc1c(-c2cccs2)n[nH]c1-c1ccccc1,8.124938737
COc1cc2oc(=O)ccc2cc1O,4.821023053
Cc1cc(-c2[nH]nc(-c3cccs3)c2CCNS(=O)(=O)N(C)[C@@H]2CCN(Cc3ccccc3)C2)no1,8.37675071
CCCCCc1ccc(S(=O)(=O)NCCc2c(-c3cccs3)n[nH]c2-c2ccccc2)cc1,7.552841969
CCCCCc1ccc(S(=O)(=O)NCCc2c(-c3cccs3)n[nH]c2-c2cccs2)cc1,8.397940009
CCCCCc1ccc(S(=O)(=O)NCCc2c(-c3ccccc3OC)n[nH]c2-c2ccccc2)cc1,5.913640169
COc1cccc(-c2[nH]nc(-c3cccs3)c2CCNS(=O)(=O)N(C)[C@@H]2CCN(Cc3ccccc3)C2)c1,8.823908741
CCCCCc1ccc(S(=O)(=O)NCCc2c(-c3ccc(OC)cc3)n[nH]c2-c2ccccc2)cc1,5.806875402
CCCCCc1ccc(S(=O)(=O)NCCc2c(-c3cccs3)n[nH]c2-c2ccccc2)cc1,7.958607315
CCN([C@@H]1CCN(C(C)(C)c2ccccc2)C1)S(=O)(=O)NCCc1c(-c2cccs2)n[nH]c1-c1cnccn1,8.387216143
CCN([C@@H]1CCN(C(C)c2ccc(F)cc2)C1)S(=O)(=O)NCCc1nc(-c2cccs2)[nH]c1-c1ccc(OC)cc1,8.522878745
CCCCNC(=O)c1ccc(S(=O)(=O)NCCc2c(-c3cc4ccccc4o3)[nH]c3ccccc23)cc1,7.37675071
CCCCCc1ccc(S(=O)(=O)NCCc2c[nH]c3ccccc23)cc1,5.991399828
CCc1ccc(-c2ccc(S(=O)(=O)NCCc3c[nH]c4ccccc34)cc2)cc1,6.585026652
CCCCCc1ccc(S(=O)(=O)NCCc2c(-c3ccccc3)[nH]c3ccccc23)cc1,6.853871964
CCCCCc1ccc(S(=O)(=O)NCCCc2c[nH]c3ccccc23)cc1,7.327902142
CCCCCc1ccc(S(=O)(=O)NCCc2c[nH]c3ccc(-c4ccc[nH]4)cc23)cc1,6.107905397
CCCCCc1ccc(S(=O)(=O)NCCc2nc(-c3cccnc3)[nH]c2-c2ccc(OC)cc2)cc1,6.251811973
COc1ccc(-c2[nH]c(-c3ccccc3)nc2CCNS(=O)(=O)N2CCN(c3ccc(Cl)c(Cl)c3)CC2)cc1,6.4225082
CCCCCc1ccc(S(=O)(=O)NCCc2nc(-c3cccc([N+](=O)[O-])c3)[nH]c2-c2ccc(OC)cc2)cc1,5.958607315
COc1ccc(-c2[nH]c(-c3ccccc3)nc2CCNS(=O)(=O)N2CCN(c3ccccc3)CC2)cc1,6.673664139
CCCCCc1ccc(S(=O)(=O)NCCc2nc(-c3ccccn3)[nH]c2-c2ccc(OC)cc2)cc1,6.013228266
CCCCCc1ccc(S(=O)(=O)NCCc2c(-c3ccc(OCC)cc3)[nH]c3ccccc23)cc1,7.37675071
CCCc1ccc(S(=O)(=O)NCCc2c[nH]c3ccccc23)cc1,5.504455662
O=S(=O)(NCCCc1c(-c2cc3ccccc3o2)[nH]c2ccccc12)c1ccc(-c2ccccc2)cc1,7.769551079
CN(C)c1cccc2c(S(=O)(=O)NCCc3c[nH]c4ccccc34)cccc12,5.428291168
CCCCCc1ccc(S(=O)(=O)NCCc2c(-c3ccccc3)[nH]c3ccccc23)cc1,7.207608311
CCCCCc1ccc(S(=O)(=O)NCCc2nc(-c3ccccc3)[nH]c2-c2ccccc2)cc1,7.48148606
COc1ccc(-c2[nH]c3ccccc3c2CCNS(=O)(=O)c2ccc(-c3ccccc3)cc2)cc1,6.607303047
CN(CCO)C(=O)c1ccc(S(=O)(=O)NCCc2c(-c3cc4ccccc4o3)[nH]c3ccccc23)cc1,5.392544977
COc1ccc(-c2[nH]c(-c3ccccc3)nc2CCNS(=O)(=O)N[C@@H]2CCN(Cc3ccccc3)C2)cc1,6.14327111
COc1ccc(-c2[nH]c(-c3cccs3)nc2CCNS(=O)(=O)N2CCN(c3ccc(Cl)c(Cl)c3)CC2)cc1,6.876148359
CCCCCN1CCN(S(=O)(=O)NCCc2nc(-c3cccs3)[nH]c2-c2ccc(OC)cc2)CC1,7.040958608
CCCCCc1ccc(S(=O)(=O)NCCCc2nc(-c3cccs3)[nH]c2-c2ccc(OC)cc2)cc1,7.27572413
CCCCc1ccc(S(=O)(=O)NCCc2c[nH]c3ccccc23)cc1,5.512861625
CC(C)(C)c1ccc(-c2ccc(S(=O)(=O)NCCc3c[nH]c4ccccc34)cc2)cc1,6.638272164
CCCCCc1ccc(S(=O)(=O)NCCc2c[nH]c3ccc(C)cc23)cc1,5.408935393
N#Cc1ccn2c(-c3ccccc3)c(-c3ccccc3)c(C(=O)c3ccccc3)c2c1,4.366531544
CCCCCc1ccc(S(=O)(=O)NCCc2c(-c3cccc(OC)c3)n[nH]c2-c2ccccc2)cc1,6.280668713
CCCCCc1ccc(S(=O)(=O)NCCc2c(-c3cccs3)n[nH]c2-c2cc(C)on2)cc1,7.443697499
CCCCCc1ccc(S(=O)(=O)NCCc2c(-c3cccs3)n[nH]c2-c2cnccn2)cc1,7.187086643
CCCCCc1ccc(S(=O)(=O)NCCc2c(-c3ccc(OC)cc3)n[nH]c2C)cc1,5.400116928
CCCCCc1ccc(S(=O)(=O)NCCc2c(-c3cccc(OC)c3)n[nH]c2-c2ccccc2)cc1,7.167491087
CN([C@@H]1CCN(Cc2ccccc2)C1)S(=O)(=O)NCCc1c(-c2cccs2)n[nH]c1-c1ccccc1,8.443697499
CN([C@@H]1CCN(Cc2ccccc2)C1)S(=O)(=O)NCCc1c(-c2cccs2)n[nH]c1-c1cccs1,8.698970004
CCN([C@@H]1CCN([C@@H](C)c2ccccc2)C1)S(=O)(=O)NCCc1c(-c2cccs2)n[nH]c1-c1cnccn1,8.744727495
Cc1cc(-c2[nH]nc(-c3cccs3)c2CCNS(=O)(=O)N(C)[C@@H]2CCN(Cc3ccccc3)C2)no1,7.823908741
CCN([C@@H]1CCN([C@@H](C)c2ccccc2)C1)S(=O)(=O)NCCc1c(-c2cccs2)n[nH]c1-c1cnccn1,8.619788758
CCN([C@@H]1CCN(C(C)c2ccc(F)cc2)C1)S(=O)(=O)NCCc1c(-c2cccs2)n[nH]c1-c1cnccn1,8.508638306
CCCCCc1ccc(S(=O)(=O)NCCc2c(-c3ccc4oc5ccccc5c4c3)[nH]c3ccccc23)cc1,8
c1ccc2c(c1)SCc1c-2[nH]c2ccccc12,5.950781977
C=CCOC(=O)NS(=O)(=O)Nc1cc(-c2cc3cc(F)ccc3[nH]2)ccc1OC,6.26760624
N#Cc1ccn2c(-c3ccccc3)c(-c3ccccc3)c(OS(=O)(=O)C(F)(F)F)c2c1,4.229147988
Cc1ccc(S(=O)(=O)NCCc2c(-c3cc4ccccc4o3)[nH]c3ccccc23)cc1,7.107905397
CCCCCc1ccc(S(=O)(=O)NCCc2c(-c3cc4ccccc4o3)n(C)c3ccccc23)cc1,6.844663963
Cc1ccc(S(=O)(=O)NCCc2c(-c3cc4ccccc4o3)[nH]c3ccccc23)cc1,8
O=C(NC1CCCCC1)c1ccc(S(=O)(=O)NCCc2c(-c3cc4ccccc4o3)[nH]c3ccccc23)cc1,7.920818754
COc1ccc(-c2ccc(S(=O)(=O)NCCc3c[nH]c4ccccc34)cc2)cc1,5.962573502
Oc1ccc([C@@H]2OC[C@@H]3[C@H]2CO[C@H]3c2ccc(O)c(O)c2)cc1O,6.283996656
CCCCCc1ccc(S(=O)(=O)NCCc2c(-c3ccc(C(F)(F)F)cc3)[nH]c3ccccc23)cc1,7.958607315
CCCCCc1ccc(S(=O)(=O)NCCc2c(-c3cc(OC)ccc3OC)[nH]c3ccccc23)cc1,6.879426069
O=C(Nc1ccccc1)c1ccc(S(=O)(=O)NCCc2c(-c3cc4ccccc4o3)[nH]c3ccccc23)cc1,7.823908741
CCCCNC(=O)c1ccc(S(=O)(=O)NCCc2c(-c3cc4ccccc4o3)[nH]c3ccccc23)cc1,6.950781977
Cc1ccccc1-c1ccc(S(=O)(=O)NCCc2c[nH]c3ccccc23)cc1,6.036212173
CCc1ccc(-c2ccc(S(=O)(=O)NCCc3c[nH]c4ccccc34)cc2)cc1,7.327902142
C=CCOC(=O)NS(=O)(=O)Nc1cc(-c2cc3ccccc3[nH]2)ccc1OC,6.200659451
O=S(=O)(NCCc1c(-c2cc3ccccc3o2)[nH]c2ccccc12)c1ccc(Br)cc1,7.522878745
O=S(=O)(NCCc1c(-c2cc3ccccc3o2)[nH]c2ccccc12)c1ccc(Br)cc1,6.793174124
CCCCCc1ccc(S(=O)(=O)NCCc2nc(-c3cnccn3)[nH]c2-c2ccc(OC)cc2)cc1,5.55129368
CCCCCc1ccc(S(=O)(=O)NCCc2nc(C(C)(C)C)[nH]c2-c2ccc(OC)cc2)cc1,5.716698771
CCCCCc1ccc(S(=O)(=O)NCCc2nc(-c3ccccc3)[nH]c2-c2ccc(C(F)(F)F)cc2)cc1,7.142667504
CCCCCc1ccc(S(=O)(=O)NCCc2nc(-c3cccs3)[nH]c2-c2ccc(OC)cc2)cc1,7.886056648
CCCCCc1ccc(S(=O)(=O)NCCc2nc(-c3ccccn3)[nH]c2-c2ccc(OC)cc2)cc1,2.27392513
Cc1ccc(S(=O)(=O)Oc2c(-c3ccccc3)c(-c3ccccc3)n3ccc(C#N)cc23)cc1,4.602059991
CC(=O)Oc1c(-c2ccccc2)c(-c2ccccc2)n2ccc(C#N)cc12,4.124938737
CC(=O)c1c(-c2ccccc2)c(-c2ccccc2)n2ccc(C#N)cc12,4.356547324
CCCCCc1ccc(S(=O)(=O)NCCc2c(-c3cccc(C)c3)[nH]c3ccccc23)cc1,7.602059991
CCCCCc1ccc(S(=O)(=O)NCCc2c(-c3cccc(C)c3)[nH]c3ccccc23)cc1,7.236572006
CCCCCc1ccc(S(=O)(=O)NCCc2c[nH]c3cc(F)ccc23)cc1,5.537602002
CCCCCc1ccc(S(=O)(=O)NCCc2c(-c3ccc(OC)cc3)[nH]c3ccccc23)cc1,6.785156152
CCCCCc1ccc(S(=O)(=O)NCCCc2c(-c3cc4ccccc4o3)[nH]c3ccccc23)cc1,7.853871964
CCCCCc1ccc(S(=O)(=O)NCCc2c(-c3ccc(OC)cc3)n[nH]c2-c2ccccc2)cc1,6.823908741
CCN([C@@H]1CCN(C(C)c2ccc(F)cc2)C1)S(=O)(=O)NCCc1c(-c2cccs2)n[nH]c1-c1cnccn1,8.853871964
CCCCCc1ccc(S(=O)(=O)NCCc2c(-c3ccccc3)n[nH]c2Cc2ccccc2)cc1,6.037157319
CN([C@@H]1CCN(Cc2ccccc2)C1)S(=O)(=O)NCCc1c(-c2cccs2)n[nH]c1-c1cccs1,8.15490196
CC/C(=C(/CC)c1ccc(O)cc1)c1ccc(O)cc1,5.528268349
CCN([C@@H]1CCN(C(C)(C)c2ccccc2)C1)S(=O)(=O)NCCc1nc(-c2cccs2)[nH]c1-c1ccc(OC)cc1,8
CCCCCc1ccc(S(=O)(=O)NCCc2nc(-c3ccc(Cl)cc3)[nH]c2-c2ccc(OC)cc2)cc1,5.958607315
CCCCCCCCc1ccc(O)cc1,5.387958255
COc1ccc(-c2[nH]c(-c3cccs3)nc2CCNS(=O)(=O)N(C)[C@@H]2CCN(Cc3ccccc3)C2)cc1,7.420216403
N#Cc1ccn2c(-c3ccccc3)c(-c3ccccc3)c(OCOCc3ccccc3)c2c1,4.408935393
N#Cc1ccn2c(-c3ccccc3)c(-c3ccccc3)c(C=O)c2c1,4.214670165
N#Cc1ccn2c(-c3ccccc3)c(-c3ccccc3)c(CO)c2c1,4.468521083
N#Cc1ccn2c(-c3ccccc3)c(-c3ccccc3)c(C(O)c3ccccc3)c2c1,4.318758763
CCCCCc1ccc(S(=O)(=O)NCCc2c(-c3ccccc3)n[nH]c2-c2ccccc2)cc1,7.455931956
CCCCCc1ccc(S(=O)(=O)NCCc2c(-c3cccs3)n[nH]c2-c2cc(C)on2)cc1,8
CCCCCc1ccc(S(=O)(=O)NCCc2c(-c3cccs3)n[nH]c2-c2cccc(OC)c2)cc1,7.27572413
CCN([C@@H]1CCN([C@H](C)c2ccccc2)C1)S(=O)(=O)NCCc1c(-c2cccs2)n[nH]c1-c1cnccn1,8.086186148
COc1ccccc1N,5.688670048
O=S(=O)(NCCc1c(-c2cc3ccccc3o2)[nH]c2ccccc12)c1ccc(-c2ccncc2)cc1,6.747146969
CCCCCN1CCN(S(=O)(=O)NCCc2nc(-c3cccs3)[nH]c2-c2ccc(OC)cc2)CC1,6.189767482
CCCCCc1ccc(S(=O)(=O)NCCCc2nc(-c3cccs3)[nH]c2-c2ccc(OC)cc2)cc1,6.402304814
CCCCCc1ccc(S(=O)(=O)NCCc2nc(-c3ccncc3)[nH]c2-c2ccc(OC)cc2)cc1,2.493359694
COc1ccc(-c2[nH]c(-c3cccs3)nc2CCNS(=O)(=O)N2CCN(c3ccc(Cl)c(Cl)c3)CC2)cc1,7.443697499
CCCCCc1ccc(S(=O)(=O)NCCc2nc(-c3ccccc3)[nH]c2-c2cccc(OC)c2)cc1,7.086186148
COc1ccc(-c2[nH]c(-c3cccs3)nc2CCNS(=O)(=O)N2CCN(c3ccccc3Cl)CC2)cc1,6.879426069
CCCCN1CCN(S(=O)(=O)NCCc2nc(-c3cccs3)[nH]c2-c2ccc(OC)cc2)CC1,7.301029996
COc1ccc(-c2[nH]c3ccccc3c2CCNS(=O)(=O)c2ccc(-c3ccccc3)cc2)cc1,7.568636236
CC(C)c1ccc(-c2ccc(S(=O)(=O)NCCc3c[nH]c4ccccc34)cc2)cc1,6.552841969
CCCCCc1ccc(S(=O)(=O)NCCc2c(-c3cc4ccccc4o3)[nH]c3ccccc23)cc1,8.22184875
CCCCCc1ccc(S(=O)(=O)NCCc2c(-c3ccc(OC)cc3)[nH]c3ccccc23)cc1,7.431798276
CCCCCc1ccc(S(=O)(=O)NCCc2nc(C3CC3)[nH]c2-c2ccc(OC)cc2)cc1,5
CCCCCc1ccc(S(=O)(=O)NCCc2nc(-c3ccccc3)[nH]c2-c2cccc(OC)c2)cc1,6.274905479
CCCCCc1ccc(S(=O)(=O)NCCc2nc(-c3ccccc3)[nH]c2-c2ccccc2)cc1,6.790484985
O=S(=O)(NCCCc1c(-c2cc3ccccc3o2)[nH]c2ccccc12)c1ccc(-c2ccccc2)cc1,8.096910013
CCCCCc1ccc(S(=O)(=O)NCCc2c[nH]c3c(C)cccc23)cc1,6.48148606
CCCCN1CCN(S(=O)(=O)NCCc2nc(-c3cccs3)[nH]c2-c2ccc(OC)cc2)CC1,7.853871964
COc1ccc(NC(=O)c2ccc(S(=O)(=O)NCCc3c(-c4cc5ccccc5o4)[nH]c4ccccc34)cc2)cc1,7.958607315
CCc1ccc(S(=O)(=O)NCCc2c[nH]c3ccccc23)cc1,5
CCCCC/C=C\C/C=C\C/C=C\C=C\C(=O)CCCC(=O)O,4.602059991
CCCCCc1ccc(S(=O)(=O)NCCc2c(-c3cnc4ccccc4c3)[nH]c3ccccc23)cc1,7.886056648
O=S(=O)(NCCc1c(-c2cc3ccccc3o2)[nH]c2ccccc12)c1ccc(-c2ccncc2)cc1,7.327902142
COc1ccc(-c2[nH]c(-c3ccccc3)nc2CCNS(=O)(=O)N(C)[C@@H]2CCN(Cc3ccccc3)C2)cc1,7.508638306
CCCCCc1ccc(S(=O)(=O)NCCc2nc(C3CC3)[nH]c2-c2ccc(OC)cc2)cc1,5
CCCCCc1ccc(S(=O)(=O)NCCc2nc(-c3ccccc3)[nH]c2-c2ccc(F)cc2)cc1,7.229147988
COc1ccc(-c2[nH]c(-c3ccccc3)nc2CCNS(=O)(=O)c2ccc(C)cc2)cc1,5.552841969
CCCCCc1ccc(S(=O)(=O)NCCCc2nc(-c3ccccc3)[nH]c2-c2ccc(OC)cc2)cc1,6.039053804
CCCCCc1ccc(S(=O)(=O)NCCc2c(-c3cnc4ccccc4c3)[nH]c3ccccc23)cc1,7.301029996
CCCCCc1ccc(S(=O)(=O)NCCc2c(-c3cc4ccccc4o3)n(C)c3ccccc23)cc1,5.847711656
CCCCCc1ccc(S(=O)(=O)NCCc2c[nH]c3cc(C(=O)OC)ccc23)cc1,6.627087997
CCCCCc1ccc(S(=O)(=O)NCCc2c(-c3ccccc3)n[nH]c2Cc2ccccc2)cc1,6.801342913
CCCCCc1ccc(S(=O)(=O)NCCc2c(-c3cccs3)n[nH]c2-c2cnccn2)cc1,7.920818754
CCCCCc1ccc(S(=O)(=O)NCCc2c(-c3ccccc3)n[nH]c2-c2ccccc2)cc1,6.504455662
CCCCCc1ccc(S(=O)(=O)NCCc2nc(-c3ccccc3)[nH]c2-c2ccc(F)cc2)cc1,6.583359493
C=CCOC(=O)NS(=O)(=O)Nc1cccc(-c2cc3ccccc3[nH]2)c1,4.301029996
CCCCc1ccc(-c2ccc(S(=O)(=O)NCCc3c[nH]c4ccccc34)cc2)cc1,6.698970004
CC(C)Cc1ccc(-c2ccc(S(=O)(=O)NCCc3c[nH]c4ccccc34)cc2)cc1,6.040958608
CCCCCc1ccc(S(=O)(=O)NCCc2c(-c3ccc(OCC)cc3)[nH]c3ccccc23)cc1,7.958607315
Cc1ccc(S(=O)(=O)NCCc2c[nH]c3ccccc23)cc1,5
COc1ccc(-c2[nH]c(-c3ccccc3)nc2CCNS(=O)(=O)N(C)[C@H]2CCN(Cc3ccccc3)C2)cc1,7.085128182
CCCCCc1ccc(S(=O)(=O)NCCc2nc(-c3ccc(Cl)cc3)[nH]c2-c2ccc(OC)cc2)cc1,7.677780705
NNc1nncc2ccccc12,5.437826137
COc1c(-c2ccccc2)c(-c2ccccc2)n2ccc(C#N)cc12,4.113509275
Cc1ccccc1-c1ccc(S(=O)(=O)NCCc2c[nH]c3ccccc23)cc1,6.337242168
Cc1cccc(-c2ccc(S(=O)(=O)NCCc3c[nH]c4ccccc34)cc2)c1,6.346787486
OCCN(CCO)c1nc(N2CCCCC2)c2nc(N(CCO)CCO)nc(N3CCCCC3)c2n1,5.157640427
NNc1ccccc1,5.778325003
CCCCCc1ccc(S(=O)(=O)NCCc2c(-c3ccc4oc5ccccc5c4c3)[nH]c3ccccc23)cc1,7.148741651
COc1ccc(-c2[nH]c(-c3ccccc3)nc2CCNS(=O)(=O)N[C@H]2CCN(Cc3ccccc3)C2)cc1,6.565431096
COc1ccc(-c2[nH]c(-c3cccs3)nc2CCNS(=O)(=O)N2CCN(c3ccccc3Cl)CC2)cc1,7.346787486
CCCCCc1ccc(S(=O)(=O)NCCc2nc(-c3ccc(C)cc3)[nH]c2-c2ccc(OC)cc2)cc1,5.522878745
CCCCCc1ccc(S(=O)(=O)N2CCC(c3c[nH]c4ccccc34)C2)cc1,5
N#Cc1ccn2c(-c3ccccc3)c(-c3ccccc3)c(Cc3ccccc3)c2c1,4.337242168
Cc1ccc(S(=O)(=O)NC(=O)NN2CCCCCC2)cc1,5.29191919
CCCCCc1ccc(S(=O)(=O)NCCc2c(-c3cccs3)n[nH]c2-c2cccc(OC)c2)cc1,8.045757491
CCCCCc1ccc(S(=O)(=O)NCCc2nc(-c3ccccc3)[nH]c2-c2ccc(OC)cc2)cc1,7.301029996
COc1ccc(-c2[nH]c(-c3ccccc3)nc2CCNS(=O)(=O)N[C@@H]2CCN(Cc3ccccc3)C2)cc1,7.080921908
COc1ccc(-c2[nH]c(-c3ccccc3)nc2CCNS(=O)(=O)N2CCN(c3ccc(Cl)c(Cl)c3)CC2)cc1,7.259637311
CCCCCc1ccc(S(=O)(=O)NCCc2nc[nH]c2-c2ccc(OC)cc2)cc1,5
CCCCCc1ccc(S(=O)(=O)NCCc2c(-c3cc4ccccc4o3)[nH]c3ccccc23)cc1,7.677780705
CCCCc1ccc(S(=O)(=O)NCCc2c(-c3ccc(OC)cc3)[nH]c3ccccc23)cc1,6.958607315
COc1ccc(-c2[nH]c3ccccc3c2CCNS(=O)(=O)c2ccc(C(=O)O)cc2)cc1,5
CCCCCC(=O)/C=C/C=C\CCCCCCCC(=O)O,4
CC(C)COC(=O)NS(=O)(=O)Nc1cccc(-c2cc3ccccc3[nH]2)c1,4.523313257
CCCCCCCCOC(=O)NS(=O)(=O)Nc1cccc(-c2cc3ccccc3[nH]2)c1,5.554395797
CCCCCCCCOC(=O)NS(=O)(=O)Nc1cc(-c2cc3cc(F)ccc3[nH]2)ccc1OC,5.966576245
CCCCCc1ccc(S(=O)(=O)NCCc2c(-c3ccc(Cl)cc3)[nH]c3ccccc23)cc1,7.494850022
CCCCCc1ccc(S(=O)(=O)NCCc2c(-c3ccc(Cl)cc3)[nH]c3ccccc23)cc1,6.920818754
COc1ccc(-c2[nH]c(-c3cccs3)nc2CCNS(=O)(=O)N(C)[C@@H]2CCN(Cc3ccc(Cl)c(Cl)c3)C2)cc1,7.958607315
CCCCCc1ccc(S(=O)(=O)NCCc2nc(-c3ccncc3)[nH]c2-c2ccc(OC)cc2)cc1,7.060480747
CCCCCc1ccc(S(=O)(=O)NCCc2nc(-c3cccc([N+](=O)[O-])c3)[nH]c2-c2ccc(OC)cc2)cc1,7.004364805
COc1ccc(-c2[nH]c(-c3cccs3)nc2CCNS(=O)(=O)N(C)[C@@H]2CCN(Cc3ccccc3)C2)cc1,6.425968732
COc1ccc(-c2[nH]c(-c3ccccc3)nc2CCNS(=O)(=O)N(C)[C@@H]2CCN(Cc3ccccc3)C2)cc1,6.730487056
COc1ccc(-c2[nH]c(-c3ccccc3)nc2CCNS(=O)(=O)N[C@H]2CCN(Cc3ccccc3)C2)cc1,5.617982957
CCCCCc1ccc(S(=O)(=O)NCCc2nc(C(C)(C)C)[nH]c2-c2ccc(OC)cc2)cc1,5
CCCCCc1ccc(S(=O)(=O)NCCCCc2c[nH]c3ccccc23)cc1,6.13667714
CN(C)CCN(C)C(=O)c1ccc(S(=O)(=O)NCCc2c(-c3cc4ccccc4o3)[nH]c3ccccc23)cc1,6.417936637
C[C@](N)(Cc1ccc(O)c(O)c1)C(=O)O,5.67243674
CCCCCc1ccc(S(=O)(=O)N(C)CCc2c[nH]c3ccccc23)cc1,5
CCCCCc1ccc(S(=O)(=O)NCCc2c[nH]c3cc(C(=O)O)ccc23)cc1,4.619788758
CCCCCc1ccc(S(=O)(=O)NCCc2c[nH]c3cc(C(=O)O)ccc23)cc1,4.522878745
CCN(CC)C(=S)SSC(=S)N(CC)CC,4.794092237
CNC[C@H](O)c1ccc(O)c(O)c1,5.484258583
COC(=O)C1=C(C)NC(C)=C(C(=O)OC)C1c1ccccc1[N+](=O)[O-],4.820994292
CO[C@H]1/C=C/O[C@@]2(C)Oc3c(C)c(O)c4c(O)c(c(/C=N/N5CCN(C)CC5)c(O)c4c3C2=O)NC(=O)/C(C)=C\C=C\[C@H](C)[C@H](O)[C@@H](C)[C@@H](O)[C@@H](C)[C@H](OC(C)=O)[C@@H]1C,5.530325227
CC(C)N1CCN(c2ccc(OC[C@H]3CO[C@](Cn4cncn4)(c4ccc(Cl)cc4Cl)O3)cc2)CC1,5.611543547
Cc1cc2c(s1)Nc1ccccc1N=C2N1CCN(C)CC1,5.557833914
C#C[C@]1(O)CC[C@H]2[C@@H]3CCc4cc(O)ccc4[C@H]3CC[C@@]21C,5.245804612
c1ccc2c(c1)Nc1ccccc1S2,5.333201316
CC(=O)N1CCN(c2ccc(OCC3COC(Cn4ccnc4)(c4ccc(Cl)cc4Cl)O3)cc2)CC1,5.265600257
Cc1c(C)c2c(c(C)c1O)CCC(C)(CN1CCN(c3cc(N4CCCC4)nc(N4CCCC4)n3)CC1)O2,5.246416941
CN([C@@H]1CCN(Cc2ccccc2)C1)S(=O)(=O)NCCc1c(-c2cccs2)n[nH]c1-c1cnccn1,8.522878745
CCN([C@@H]1CCN([C@H](C)c2ccccc2)C1)S(=O)(=O)NCCc1c(-c2cccs2)n[nH]c1-c1cnccn1,8.27572413
COc1cccc(-c2[nH]nc(-c3cccs3)c2CCNS(=O)(=O)N(C)[C@@H]2CCN(Cc3ccccc3)C2)c1,8.366531544
Oc1ccc(OCc2ccccc2)cc1,5.310513552
O=c1c(-c2ccc(O)cc2)coc2cc(O)cc(O)c12,5.04416799
COc1ccc(-c2[nH]c3ccccc3c2CCNS(=O)(=O)c2ccc(C)cc2)cc1,6.958607315
CC(=O)Nc1ccc(O)cc1,4.546987609
Cc1c(O)cccc1C(=O)N[C@@H](CSc1ccccc1)[C@H](O)CN1C[C@H]2CCCC[C@H]2C[C@H]1C(=O)NC(C)(C)C,4.860215336
CCCCCc1ccc(S(=O)(=O)NCCc2c(-c3cccs3)n[nH]c2-c2cccs2)cc1,7.721246399
CN([C@@H]1CCN(Cc2ccccc2)C1)S(=O)(=O)NCCc1c(-c2cccs2)n[nH]c1-c1cnccn1,8.15490196
CC(C)COC(=O)NS(=O)(=O)Nc1cccc(-c2cc3ccccc3[nH]2)c1,4.301029996
COc1cccc2c1C(=O)c1c(O)c3c(c(O)c1C2=O)C[C@@](O)(C(=O)CO)C[C@@H]3O[C@H]1C[C@H](N)[C@H](O)[C@H](C)O1,4.866780543
C=CCOC(=O)NS(=O)(=O)Nc1cccc(-c2cc3ccccc3[nH]2)c1,4.813043665
CCCCCCCCOC(=O)NS(=O)(=O)Nc1cc(-c2cc3ccccc3[nH]2)ccc1OC,7.397940009
CC(CCc1ccc(O)cc1)NCCc1ccc(O)c(O)c1,6.222573178
CCCCCCCCOC(=O)NS(=O)(=O)Nc1cc(-c2cc3cc(F)ccc3[nH]2)ccc1OC,7.327902142
COc1ccc(-c2cc3ccccc3[nH]2)cc1NS(=O)(=O)NC(=O)OCC(C)C,4.301029996
COc1ccc(-c2cc3cc(F)ccc3[nH]2)cc1NS(=O)(=O)NC(=O)OCC(C)C,4.681519275
CC(C)(c1ccc(O)cc1)c1ccc(O)cc1,5.884722409
COc1cc(/C=C/C(=O)O)ccc1O,5.400662867
CC#C[C@]1(O)CC[C@H]2[C@@H]3CCC4=CC(=O)CCC4=C3[C@@H](c3ccc(N(C)C)cc3)C[C@@]21C,6.255707017
C[C@]12CC[C@@H]3c4ccc(O)cc4CC[C@H]3[C@@H]1C[C@@H](O)[C@@H]2O,5.063737658
Nc1nc2[nH]cnc2c(=S)[nH]1,4.791585519
CC[C@]1(O)C[C@@H]2CN(CCc3c([nH]c4ccccc34)[C@@](C(=O)OC)(c3cc4c(cc3OC)N(C)[C@H]3[C@@](O)(C(=O)OC)[C@H](OC(C)=O)[C@]5(CC)C=CCN6CC[C@]43[C@@H]65)C2)C1,5.297828049
C[C@]12CC[C@@H]3c4ccc(O)cc4CC[C@H]3[C@@H]1CCC2=O,5.181180492
N[C@@H](Cc1ccc(O)c(O)c1)C(=O)O,5.646276062
CC(C)c1cccc(C(C)C)c1O,5.119415044
CN(C)CCCN1c2ccccc2Sc2ccc(Cl)cc21,4.797212085
CC(C)NCC(O)c1ccc(O)c(O)c1,5.752026734
Oc1cccc(O)c1O,5.674895017
O=c1c(O)c(-c2ccc(O)c(O)c2)oc2cc(O)cc(O)c12,4.431798276
CC1Cc2ccccc2N1NC(=O)c1ccc(Cl)c(S(N)(=O)=O)c1,5.534914712
CC(C)=CCC[C@@]1(C)CCC[C@]2(C)[C@@H](Cc3cc(C(=O)O)ccc3O)C(C)=CC[C@@H]12,5.853871964
COc1cc([C@@H]2c3cc4c(cc3[C@@H](O[C@@H]3O[C@@H]5CO[C@@H](C)O[C@H]5[C@H](O)[C@H]3O)[C@H]3COC(=O)[C@H]23)OCO4)cc(OC)c1O,5.496617937
C=CCOC(=O)NS(=O)(=O)Nc1cc(-c2cc3cc(F)ccc3[nH]2)ccc1OC,4.63339029
c1ccc2c(c1)SCc1c-2[nH]c2ccccc12,5.419075024
Cc1ccc(S(=O)(=O)NCCc2c[nH]c3ccccc23)cc1,5
COc1ccc(-c2cc3ccccc3[nH]2)cc1NS(=O)(=O)NC(=O)OCC(C)C,5.838631998
O=C(OC[C@H]1O[C@@H](OC(=O)c2cc(O)c(O)c(OC(=O)c3cc(O)c(O)c(O)c3)c2)[C@H](OC(=O)c2cc(O)c(O)c(OC(=O)c3cc(O)c(O)c(O)c3)c2)[C@@H](OC(=O)c2cc(O)c(O)c(OC(=O)c3cc(O)c(O)c(O)c3)c2)[C@@H]1OC(=O)c1cc(O)c(O)c(OC(=O)c2cc(O)c(O)c(O)c2)c1)c1cc(O)c(O)c(OC(=O)c2cc(O)c(O)c(O)c2)c1,6.571865206
O=c1c(O)c(-c2ccc(O)c(O)c2)oc2cc(O)cc(O)c12,6.366531544
CCCCCCCCOC(=O)NS(=O)(=O)Nc1cc(-c2cc3ccccc3[nH]2)ccc1OC,5.68613278
O=c1c(O)c(-c2ccc(O)cc2)oc2cc(O)cc(O)c12,5.657577319
COc1cc([C@@H]2OC[C@H]3[C@@H]2CO[C@H]3c2ccc(O)c(OC)c2)ccc1O,5.455931956
CC(Cc1ccc(O)c(O)c1)C(C)Cc1ccc(O)c(O)c1,6.958607315
COc1ccc(-c2cc3cc(F)ccc3[nH]2)cc1NS(=O)(=O)NC(=O)OCC(C)C,6.37675071
C=CCOC(=O)NS(=O)(=O)Nc1cc(-c2cc3ccccc3[nH]2)ccc1OC,4.363111093
CC1=C(CC/C(C)=C/CC/C(C)=C/Cc2cc(O)ccc2O)C(C)(C)CCC1,6.522878745
C[C@]12CC[C@@H]3c4ccc(O)cc4CC[C@H]3[C@@H]1CC[C@@H]2O,4.947113765
c1ccc(Nc2ccc(Nc3ccccc3)cc2)cc1,5.540155358
COc1ccc(-c2[nH]c3ccccc3c2CCNS(=O)(=O)c2ccc(C)cc2)cc1,6.107905397
c1ccc2c(c1)SCc1c-2[nH]c2ccccc12,5.419075024
CCCCCCCCOC(=O)NS(=O)(=O)Nc1cccc(-c2cc3ccccc3[nH]2)c1,5.809668302
