Cat,Name,Smiles
S1052,Elesclomol (STA-4783),CN(NC(=O)CC(=O)NN(C)C(=S)C1=CC=CC=C1)C(=S)C2=CC=CC=C2
S1204,Melatonin (NSC 113928),COC1=CC2=C([NH]C=C2CCNC(C)=O)C=C1
S1282,Artemisinin,CC1CCC2C(C)C(=O)OC3OC4(C)CCC1C23OO4
S1290,Celastrol (NSC 70931),CC1=C(O)C(=O)C=C2C1=CC=C3C2(C)CCC4(C)C5CC(C)(CCC5(C)CCC34C)C(O)=O
S1319,Costunolide,CC/1=C\CC\C(=C\C2OC(=O)C(=C)C2CC1)C
S1326,Edaravone,CC1=NN(C(=O)C1)C2=CC=CC=C2
S1342,Genistein (NPI 031L),OC1=CC=C(C=C1)C2=COC3=C(C(=CC(=C3)O)O)C2=O
S1344,Glimepiride,CCC1=C(C)CN(C(=O)NCCC2=CC=C(C=C2)[S](=O)(=O)NC(=O)NC3CCC(C)CC3)C1=O
S1354,Lansoprazole,CC1=C(OCC(F)(F)F)C=CN=C1C[S](=O)C2=NC3=CC=CC=C3[NH]2
S1396,Resveratrol (SRT501),OC1=CC=C(C=C1)\C=C\C2=CC(=CC(=C2)O)O
S1398,Stavudine (d4T),CC1=CN(C2OC(CO)C=C2)C(=O)NC1=O
S1445,Zonisamide,N[S](=O)(=O)CC1=NOC2=CC=CC=C12
S1467,Doxercalciferol,CC(C)C(C)/C=C/C(C)C1CCC2C(/CCCC12C)=C/C=C/3CC(O)CC(O)C3=C
S1547,Febuxostat,CC(C)COC1=C(C=C(C=C1)C2=NC(=C(S2)C(O)=O)C)C#N
S1576,Sulfasalazine (NSC 667219),OC(=O)C1=C(O)C=CC(=C1)N=NC2=CC=C(C=C2)[S](=O)(=O)NC3=CC=CC=N3
S1630,Allopurinol,O=C1N=CN=C2NNC=C12
S1631,Allopurinol Sodium,[Na+].O=C1NC=NC2=C1C=N[NH]2
S1677,Chloramphenicol,OCC(NC(=O)C(Cl)Cl)C(O)C1=CC=C(C=C1)[N+]([O-])=O
S1696,Hydrocortisone (NSC 10483),CC12CCC(=O)C=C1CCC3C4CCC(O)(C(=O)CO)C4(C)CC(O)C23
S1748,Nisoldipine,COC(=O)C1=C(C)NC(=C(C1C2=CC=CC=C2[N+]([O-])=O)C(=O)OCC(C)C)C
S1773,Oxytetracycline (Terramycin),CN(C)C1C2C(O)C3C(=C(O)C4=C(C=CC=C4O)C3(C)O)C(=O)C2(O)C(=O)C(=C1O)C(N)=O
S1802,AICAR (Acadesine),NC(=O)C1=C(N)[N](C=N1)C2OC(CO)C(O)C2O
S1830,Oxfendazole,COC(=O)NC1=NC2=C([NH]1)C=C(C=C2)[S](=O)C3=CC=CC=C3
S1848,Curcumin,COC1=CC(=CC=C1O)/C=C/C(O)=C/C(=O)/C=C/C2=CC(=C(O)C=C2)OC
S1849,Daidzein,OC1=CC=C(C=C1)C2=COC3=CC(=CC=C3C2=O)O
S1897,Potassium Iodide,[K+].[I-]
S1905,Amlodipine,CCOC(=O)C1=C(COCCN)NC(=C(C1C2=C(Cl)C=CC=C2)C(=O)OC)C
S1907,Metronidazole,CC1=NC=C([N]1CCO)[N+]([O-])=O
S1909,Fluvastatin (XU-62-320) Sodium,[Na+].CC(C)[N]1C2=C(C=CC=C2)C(=C1\C=C\C(O)CC(O)CC([O-])=O)C3=CC=C(F)C=C3
S1952,Methoxsalen,COC1=C2OC=CC2=CC3=C1OC(=O)C=C3
S1988,Propylthiouracil,CCCC1=CC(=O)NC(=S)N1
S1990,Capsaicin(Vanilloid),COC1=C(O)C=CC(=C1)CNC(=O)CCCC\C=C\C(C)C
S2011,Pramipexole 2HCl Monohydrate,O.Cl.Cl.CCCNC1CCC2=C(C1)SC(=N2)N
S2062,Tiopronin,CC(S)C(=O)NCC(O)=O
S2077,Atorvastatin Calcium,[Ca++].CC(C)C1=C(C(=O)NC2=CC=CC=C2)C(=C([N]1CCC(O)CC(O)CC([O-])=O)C3=CC=C(F)C=C3)C4=CC=CC=C4.CC(C)C5=C(C(=O)NC6=CC=CC=C6)C(=C([N]5CCC(O)CC(O)CC([O-])=O)C7=CC=C(F)C=C7)C8=CC=CC=C8
S2131,Roflumilast (B9302-107),FC(F)OC1=CC=C(C=C1OCC2CC2)C(=O)NC3=C(Cl)C=NC=C3Cl
S2250,(-)-Epigallocatechin Gallate,OC1=CC2=C(CC(OC(=O)C3=CC(=C(O)C(=C3)O)O)C(O2)C4=CC(=C(O)C(=C4)O)O)C(=C1)O
S2252,(+)-Usniacin,CC(=O)C1=C(O)C(=C(O)C2=C1OC3=CC(=O)C(=C(O)C23C)C(C)=O)C
S2261,Andrographolide,CC1(CO)C(O)CCC2(C)C(C\C=C\3C(O)COC3=O)C(=C)CCC12
S2262,Apigenin (LY 080400),OC1=CC=C(C=C1)C2=CC(=O)C3=C(O2)C=C(O)C=C3O
S2266,Asiatic Acid,CC1CCC2(CCC3(C)C(=CCC4C5(C)CC(O)C(O)C(C)(CO)C5CCC34C)C2C1C)C(O)=O
S2268,Baicalein,OC1=C(O)C(=C2C(=O)C=C(OC2=C1)C3=CC=CC=C3)O
S2269,Baicalin (NSC-661431),OC1C(O)C(OC(C1O)C(O)=O)OC2=C(O)C(=C3C(=O)C=C(OC3=C2)C4=CC=CC=C4)O
S2270,Bergenin,COC1=C(O)C2=C(C=C1O)C(=O)OC3C(O)C(O)C(CO)OC23
S2277,Caffeic Acid,OC(=O)/C=C/C1=CC=C(O)C(=C1)O
S2280,Chlorogenic Acid,OC1CC(O)(CC(OC(=O)\C=C\C2=CC(=C(O)C=C2)O)C1O)C(O)=O
S2281,Chrysin,OC1=CC2=C(C(=C1)O)C(=O)C=C(O2)C3=CC=CC=C3
S2289,Daidzin,OCC1OC(OC2=CC3=C(C=C2)C(=O)C(=CO3)C4=CC=C(O)C=C4)C(O)C(O)C1O
S2293,DL-Carnitine HCl,[Cl-].C[N+](C)(C)CC(O)CC(O)=O
S2298,Fisetin,OC1=CC2=C(C=C1)C(=O)C(=C(O2)C3=CC(=C(O)C=C3)O)O
S2299,Formononetin,COC1=CC=C(C=C1)C2=COC3=C(C=CC(=C3)O)C2=O
S2300,Ferulic Acid,COC1=CC(=CC=C1O)\C=C\C(O)=O
S2301,Genistin (Genistoside),OCC1OC(OC2=CC3=C(C(=C2)O)C(=O)C(=CO3)C4=CC=C(O)C=C4)C(O)C(O)C1O
S2302,Glycyrrhizin (NSC 167409),CC1(C)C(CCC2(C)C1CCC3(C)C2C(=O)C=C4C5CC(C)(CCC5(C)CCC34C)C(O)=O)OC6OC(C(O)C(O)C6OC7OC(C(O)C(O)C7O)C(O)=O)C(O)=O
S2303,Gossypol Acetate,CC(C)C1=C2C=C(C)C(=C(O)C2=C(C=O)C(=C1O)O)C3=C(O)C4=C(C=C3C)C(=C(O)C(=C4C=O)O)C(C)C.CC(O)=O
S2308,Hesperetin,COC1=CC=C(C=C1O)C2CC(=O)C3=C(O)C=C(O)C=C3O2
S2309,Hesperidin,COC1=CC=C(C=C1O)C2CC(=O)C3=C(O)C=C(OC4OC(COC5OC(C)C(O)C(O)C5O)C(O)C(O)C4O)C=C3O2
S2310,Honokiol (NSC 293100),OC1=C(CC=C)C=C(C=C1)C2=CC(=CC=C2O)CC=C
S2312,Icariin,COC1=CC=C(C=C1)C2=C(OC3OC(C)C(O)C(O)C3O)C(=O)C4=C(O2)C(=C(OC5OC(CO)C(O)C(O)C5O)C=C4O)CC=C(C)C
S2313,Indole-3-carbinol,OCC1=C[NH]C2=C1C=CC=C2
S2314,Kaempferol (NSC 407289),OC1=CC=C(C=C1)C2=C(O)C(=O)C3=C(O)C=C(O)C=C3O2
S2318,Lappaconitine,CCN1CC2(CCC(OC)C34C2CC(C13)C5(O)CC(OC)C6CC4C5(O)C6OC)OC(=O)C7=CC=CC=C7NC(C)=O
S2320,Luteolin,OC1=CC(=C2C(=O)C=C(OC2=C1)C3=CC=C(O)C(=C3)O)O
S2321,Magnolol,OC1=C(C=C(CC=C)C=C1)C2=CC(=CC=C2O)CC=C
S2323,Methyl-Hesperidin,COC1=CC=C(C=C1O)C2CC(=O)C3=C(OC)C=C(OC4OC(COC5OC(C)C(O)C(O)C5O)C(O)C(O)C4O)C=C3O2
S2325,Morin Hydrate,O.OC1=CC=C(C(=C1)O)C2=C(O)C(=O)C3=C(O)C=C(O)C=C3O2
S2326,Myricetin,OC1=CC(=C2C(=O)C(=C(OC2=C1)C3=CC(=C(O)C(=C3)O)O)O)O
S2327,Myricitrin,CC1OC(OC2=C(OC3=CC(=CC(=C3C2=O)O)O)C4=CC(=C(O)C(=C4)O)O)C(O)C(O)C1O
S2329,Naringin,CC1OC(OC2C(O)C(O)C(CO)OC2OC3=CC(=C4C(=O)CC(OC4=C3)C5=CC=C(O)C=C5)O)C(O)C(O)C1O
S2331,Neohesperidin Dihydrochalcone (Nhdc),COC1=C(O)C=C(CCC(=O)C2=C(O)C=C(OC3OC(CO)C(O)C(O)C3OC4OC(C)C(O)C(O)C4O)C=C2O)C=C1
S2332,Neohesperidin,COC1=CC(=CC(=C1)C2CC(=O)C3=C(O)C=C(OC4OC(CO)C(O)C(O)C4OC5OC(C)C(O)C(O)C5O)C=C3O2)O
S2333,Nobiletin (NSC 76751),COC1=C(OC)C=C(C=C1)C2=CC(=O)C3=C(OC)C(=C(OC)C(=C3O2)OC)OC
S2339,Paeonol,COC1=CC(=C(C=C1)C(C)=O)O
S2341,(-)-Parthenolide,CC/1=C\CCC2(C)OC2C3OC(=O)C(=C)C3CC1
S2342,Phloretin (RJC 02792),OC1=CC=C(CCC(=O)C2=C(O)C=C(O)C=C2O)C=C1
S2343,Phlorizin,OCC1OC(OC2=C(C(=O)CCC3=CC=C(O)C=C3)C(=CC(=C2)O)O)C(O)C(O)C1O
S2346,Puerarin,OCC1OC(OC2=C(O)C=CC3=C2OC=C(C3=O)C4=CC=C(O)C=C4)C(O)C(O)C1O
S2347,Quercetin Dihydrate,O.O.OC1=CC(=C2C(=O)C(=C(OC2=C1)C3=CC=C(O)C(=C3)O)O)O
S2348,Rotenone (Barbasco),COC1=CC2=C(C=C1OC)C3C(CO2)OC4=C(C=CC5=C4CC(O5)C(C)=C)C3=O
S2350,Rutin,CC1OC(OCC2OC(OC3=C(OC4=C(C(=CC(=C4)O)O)C3=O)C5=CC(=C(O)C=C5)O)C(O)C(O)C2O)C(O)C(O)C1O
S2354,Sclareol,CC1(C)CCCC2(C)C1CCC(C)(O)C2CCC(C)(O)C=C
S2357,Silibinin (NSC 651520),COC1=CC(=CC=C1O)C2OC3=CC(=CC=C3OC2CO)C4OC5=CC(=CC(=C5C(=O)C4O)O)O
S2358,Silymarin,COC1=CC(=CC=C1O)C2OC3=CC=C(C=C3OC2CO)C4OC5=C(C(=CC(=C5)O)O)C(=O)C4O
S2359,Sinomenine,COC1=CC2C3CC4=C(C(=C(OC)C=C4)O)C2(CCN3C)CC1=O
S2363,Tangeretin,COC1=CC=C(C=C1)C2=CC(=O)C3=C(OC)C(=C(OC)C(=C3O2)OC)OC
S2365,Tanshinone IIA,CC1=COC2=C1C(=O)C(=O)C3=C2C=CC4=C3CCCC4(C)C
S2369,Troxerutin,CC1OC(OCC2OC(OC3=C(OC4=CC(=CC(=C4C3=O)O)OCCO)C5=CC(=C(OCCO)C=C5)OCCO)C(O)C(O)C2O)C(O)C(O)C1O
S2371,Vanillylacetone,COC1=CC(=CC=C1O)CCC(C)=O
S2377,Biochanin A,COC1=CC=C(C=C1)C2=COC3=CC(=CC(=C3C2=O)O)O
S2380,Diosmetin,COC1=CC=C(C=C1O)C2=CC(=O)C3=C(O)C=C(O)C=C3O2
S2382,Evodiamine,CN1C2N(CCC3=C2[NH]C4=CC=CC=C34)C(=O)C5=C1C=CC=C5
S2384,Hematoxylin,OC1=CC2=C(C=C1O)C3C4=C(OCC3(O)C2)C(=C(O)C=C4)O
S2389,Naringin Dihydrochalcone,CC1OC(OC2C(O)C(O)C(CO)OC2OC3=CC(=C(C(=O)CCC4=CC=C(O)C=C4)C(=C3)O)O)C(O)C(O)C1O
S2390,Polydatin,OCC1OC(OC2=CC(=CC(=C2)\C=C\C3=CC=C(O)C=C3)O)C(O)C(O)C1O
S2391,Quercetin (NSC 9221),OC1=CC(=C2C(=O)C(=C(OC2=C1)C3=CC=C(O)C(=C3)O)O)O
S2392,Sesamin,C1OC2=C(O1)C=C(C=C2)C3OCC4C3COC4C5=CC6=C(OCO6)C=C5
S2394,Naringenin,OC1=CC=C(C=C1)C2CC(=O)C3=C(O)C=C(O)C=C3O2
S2396,Salidroside,OCC1OC(OCCC2=CC=C(O)C=C2)C(O)C(O)C1O
S2399,Dihydromyricetin,OC1C(OC2=CC(=CC(=C2C1=O)O)O)C3=CC(=C(O)C(=C3)O)O
S2400,Rheic Acid,OC(=O)C1=CC(=C2C(=O)C3=C(C=CC=C3O)C(=O)C2=C1)O
S2401,Sodium Danshensu,[Na+].OC(CC1=CC(=C(O)C=C1)O)C([O-])=O
S2404,Isoliquiritigenin,OC1=CC=C(C=C1)\C=C\C(=O)C2=C(O)C=C(O)C=C2
S2405,Sophocarpine,O=C1C=CCC2C3CCCN4CCCC(CN12)C34
S2411,Geniposide,COC(=O)C1=COC(OC2OC(CO)C(O)C(O)C2O)C3C1CC=C3CO
S2415,Astragaloside A,CC(C)(O)C1CCC(C)(O1)C2C(O)CC3(C)C4CC(OC5OC(CO)C(O)C(O)C5O)C6C(C)(C)C(CCC67CC47CCC23C)OC8OCC(O)C(O)C8O
S2425,Apocynin (NSC 2146),COC1=C(O)C=CC(=C1)C(C)=O
S2450,Equol,OC1=CC=C(C=C1)C2COC3=CC(=CC=C3C2)O
S2487,Mycophenolic acid,COC1=C(C)C2=C(C(=C1C\C=C(/C)CCC(O)=O)O)C(=O)OC2
S2526,Alizarin,OC1=C(O)C2=C(C=C1)C(=O)C3=CC=CC=C3C2=O
S2532,L-Ascorbyl 6-palmitate,CCCCCCCCCCCCCCCC(=O)OCC(O)C1OC(=O)C(=C1O)O
S2554,Daphnetin,OC1=CC=C2C=CC(=O)OC2=C1O
S2586,Dimethyl Fumarate,COC(=O)\C=C\C(=O)OC
S2605,Idebenone,COC1=C(OC)C(=O)C(=C(C)C1=O)CCCCCCCCCCO
S2697,A-769662,OC1=CC=CC=C1C2=CC=C(C=C2)C3=CSC4=C3C(=C(C#N)C(=O)N4)O
S2747,AMG-458,COC1=CC2=NC=CC(=C2C=C1)OC3=CN=C(NC(=O)C4=C(C)N(CC(C)(C)O)N(C4=O)C5=CC=CC=C5)C=C3
S2910,Tempol,CC1(C)CC(O)CC(C)(C)N1[O]
S2926,TDZD-8,CN1SC(=O)N(CC2=CC=CC=C2)C1=O
S3026,Piceatannol,OC1=CC(=CC(=C1)/C=C/C2=CC=C(O)C(=C2)O)O
S3077,Tazobactam,CC1(C[N]2C=CN=N2)C(N3C(CC3=O)[S]1(=O)=O)C(O)=O
S3113,Pyridoxine HCl,Cl.CC1=C(O)C(=C(CO)C=N1)CO
S3114,Vitamin C,OCC(O)C1OC(=O)C(=C1O)O
S3137,Sodium salicylate,[NaH].OC(=O)C1=CC=CC=C1O
S3600,Schisandrin B (Sch B),COC1=CC2=C(C(=C1OC)OC)C3=C(CC(C)C(C)C2)C=C4OCOC4=C3OC
S3604,Triptolide (PG490),CC(C)C12OC1C3OC34C5(C)CCC6=C(COC6=O)C5CC7OC47C2O
S3608,Demethylzeylasteral (T-96),CC12CCC(C)(CC1C3(C)CCC4(C)C5=CC(=C(O)C(=C5C(=O)C=C4C3(C)CC2)C=O)O)C(O)=O
S3609,Berbamine dihydrochloride,Cl.Cl.COC1=CC2=C3C=C1OC4=C(OC)C(=CC5=C4C(CC6=CC(=C(O)C=C6)OC7=CC=C(CC3N(C)CC2)C=C7)N(C)CC5)OC
S3610,Cordycepin,NC1=NC=NC2=C1N=C[N]2C3OC(CO)CC3O
S3612,Rosmarinic acid,OC(=O)C(CC1=CC=C(O)C(=C1)O)OC(=O)\C=C\C2=CC=C(O)C(=C2)O
S3613,Scoparone,COC1=CC2=C(C=CC(=O)O2)C=C1OC
S3616,Asiaticoside,CC1CCC2(CCC3(C)C(=CCC4C5(C)CC(O)C(O)C(C)(CO)C5CCC34C)C2C1C)C(=O)OC6OC(COC7OC(CO)C(OC8OC(C)C(O)C(O)C8O)C(O)C7O)C(O)C(O)C6O
S3617,(20S)-Protopanaxatriol,CC(C)=CCCC(C)(O)C1CCC2(C)C1C(O)CC3C4(C)CCC(O)C(C)(C)C4C(O)CC23C
S3622,Diammonium Glycyrrhizinate,N.N.CC1(C)C(CCC2(C)C1CCC3(C)C2C(=O)C=C4C5CC(C)(CCC5(C)CCC34C)C(O)=O)OC6OC(C(O)C(O)C6OC7OC(C(O)C(O)C7O)C(O)=O)C(O)=O
S3624,Quinolinic acid,OC(=O)C1=CC=CN=C1C(O)=O
S3626,Sesamol,OC1=CC2=C(OCO2)C=C1
S3629,Syringic acid,COC1=CC(=CC(=C1O)OC)C(O)=O
S3630,Methyl Vanillate,COC(=O)C1=CC(=C(O)C=C1)OC
S3633,Pyrrolidinedithiocarbamate ammonium,N.SC(=S)N1CCCC1
S3634,6-Hydroxyflavone (6-HF),OC1=CC2=C(OC(=CC2=O)C3=CC=CC=C3)C=C1
S3639,Tacrine hydrochloride hydrate,NC1=C2C=CC=CC2=NC3=C1CCCC3
S3652,3-Nitropropionic acid,OC(=O)CC[N+]([O-])=O
S3665,Trolox,CC1=C(C)C2=C(CCC(C)(O2)C(O)=O)C(=C1O)C
S3671,Quinestrol,CC12CCC3C(CCC4=C3C=CC(=C4)OC5CCCC5)C1CCC2(O)C#C
S3675,Umbelliferone,OC1=CC2=C(C=C1)C=CC(=O)O2
S3679,Flavanone,O=C1CC(OC2=C1C=CC=C2)C3=CC=CC=C3
S3681,Vitamin E Acetate,CC(C)CCCC(C)CCCC(C)CCCC1(C)CCC2=C(C)C(=C(C)C(=C2O1)C)OC(C)=O
S3758,Sinomenine hydrochloride,Cl.COC1=C(O)C2=C(CC3C4C=C(OC)C(=O)CC24CCN3C)C=C1
S3764,Isoferulic Acid,COC1=C(O)C=C(\C=C\C(O)=O)C=C1
S3765,Picroside II,COC1=CC(=CC=C1O)C(=O)OC2C3C=COC(OC4OC(CO)C(O)C(O)C4O)C3C5(CO)OC25
S3769,Palmatine,COC1=CC2=C(C=C1OC)C3=CC4=C(C=[N+]3CC2)C(=C(OC)C=C4)OC
S3773,Tyrosol,OCCC1=CC=C(O)C=C1
S3775,Ligustrazine hydrochloride,Cl.CC1=NC(=C(C)N=C1C)C
S3776,Sophoricoside,OCC1OC(OC2=CC=C(C=C2)C3=COC4=C(C(=CC(=C4)O)O)C3=O)C(O)C(O)C1O
S3777,Gentiopicroside,OCC1OC(OC2OC=C3C(=O)OCC=C3C2C=C)C(O)C(O)C1O
S3780,Secoisolariciresinol diglucoside,COC1=C(O)C=CC(=C1)CC(COC2OC(CO)C(O)C(O)C2O)C(COC3OC(CO)C(O)C(O)C3O)CC4=CC(=C(O)C=C4)OC
S3782,Neomangiferin,OCC1OC(OC2=CC3=C(OC4=C(C(=C(C5OC(CO)C(O)C(O)C5O)C(=C4)O)O)C3=O)C=C2O)C(O)C(O)C1O
S3783,Echinacoside,CC1OC(OC2C(O)C(OCCC3=CC(=C(O)C=C3)O)OC(COC4OC(CO)C(O)C(O)C4O)C2OC(=O)\C=C\C5=CC=C(O)C(=C5)O)C(O)C(O)C1O
S3784,Obacunone (AI3-37934),CC1(C)OC(=O)C=CC2(C)C3CCC4(C)C(OC(=O)C5OC45C3(C)C(=O)CC12)C6=COC=C6
S3785,Notoginsenoside R1,CC(C)=CCCC(C)(OC1OC(CO)C(O)C(O)C1O)C2CCC3(C)C2C(O)CC4C5(C)CCC(O)C(C)(C)C5C(CC34C)OC6OC(CO)C(O)C(O)C6OC7OCC(O)C(O)C7O
S3786,Glabridin,CC1(C)OC2=C(C=C1)C3=C(CC(CO3)C4=CC=C(O)C=C4O)C=C2
S3788,Carvacrol,CC(C)C1=CC=C(C)C(=C1)O
S3790,Methyl gallate,COC(=O)C1=CC(=C(O)C(=C1)O)O
S3799,Gentisic acid,OC(=O)C1=C(O)C=CC(=C1)O
S3804,Alpha-Mangostin,COC1=C(O)C=C2OC3=C(C(=C(CC=C(C)C)C(=C3)O)O)C(=O)C2=C1CC=C(C)C
S3808,Mangiferin,OCC1OC(C(O)C(O)C1O)C2=C(O)C=C3OC4=C(C=C(O)C(=C4)O)C(=O)C3=C2O
S3809,Imperatorin,CC(C)=CCOC1=C2OC(=O)C=CC2=CC3=C1OC=C3
S3810,Scutellarin,OC1C(O)C(OC(C1O)C(O)=O)OC2=CC3=C(C(=O)C=C(O3)C4=CC=C(O)C=C4)C(=C2O)O
S3811,Ginsenoside Re,CC1OC(OC2C(O)C(O)C(CO)OC2OC3CC4(C)C(CC(O)C5C(CCC45C)C(C)(CCC=C(C)C)OC6OC(CO)C(O)C(O)C6O)C7(C)CCC(O)C(C)(C)C37)C(O)C(O)C1O
S3813,Bakuchiol,CC(C)=CCCC(C)(C=C)\C=C\C1=CC=C(O)C=C1
S3815,Mogroside V,CC(CCC(OC1OC(COC2OC(CO)C(O)C(O)C2O)C(O)C(O)C1OC3OC(CO)C(O)C(O)C3O)C(C)(C)O)C4CCC5(C)C6CC=C7C(CCC(OC8OC(COC9OC(CO)C(O)C(O)C9O)C(O)C(O)C8O)C7(C)C)C6(C)C(O)CC45C
S3818,Tectoridin,COC1=C(O)C2=C(OC=C(C2=O)C3=CC=C(O)C=C3)C=C1OC4OC(CO)C(O)C(O)C4O
S3822,Schisandrin A,COC1=CC2=C(C(=C1OC)OC)C3=C(CC(C)C(C)C2)C=C(OC)C(=C3OC)OC
S3824,Quercitrin,CC1OC(OC2=C(OC3=C(C(=CC(=C3)O)O)C2=O)C4=CC(=C(O)C=C4)O)C(O)C(O)C1O
S3825,Glycitin,COC1=CC2=C(OC=C(C2=O)C3=CC=C(O)C=C3)C=C1OC4OC(CO)C(O)C(O)C4O
S3826,Hydroxytyrosol,OCCC1=CC=C(O)C(=C1)O
S3828,Orcinol glucoside,CC1=CC(=CC(=C1)OC2OC(CO)C(O)C(O)C2O)O
S3833,Amentoflavone,OC1=CC=C(C=C1)C2=CC(=O)C3=C(O2)C(=C(O)C=C3O)C4=CC(=CC=C4O)C5=CC(=O)C6=C(O5)C=C(O)C=C6O
S3834,Astaxanthin,CC(=C\C=C\C=C(C)\C=C\C=C(C)\C=C\C1=C(C)C(=O)C(O)CC1(C)C)/C=C/C=C(C)/C=C/C2=C(C)C(=O)C(O)CC2(C)C
S3835,Loganin,COC(=O)C1=COC(OC2OC(CO)C(O)C(O)C2O)C3C(C)C(O)CC13
S3836,6-Gingerol,CCCCCC(O)CC(=O)CCC1=CC=C(O)C(=C1)OC
S3837,Echinocystic acid,CC1(C)CCC2(C(O)CC3(C)C(=CCC4C5(C)CCC(O)C(C)(C)C5CCC34C)C2C1)C(O)=O
S3838,Carnosic acid,CC(C)C1=CC2=C(C(=C1O)O)C3(CCCC(C)(C)C3CC2)C(O)=O
S3839,1-Deoxynojirimycin,OCC1NCC(O)C(O)C1O
S3840,Baohuoside I,COC1=CC=C(C=C1)C2=C(OC3OC(C)C(O)C(O)C3O)C(=O)C4=C(O)C=C(O)C(=C4O2)CC=C(C)C
S3842,Isoquercitrin,OCC1OC(OC2=C(OC3=CC(=CC(=C3C2=O)O)O)C4=CC(=C(O)C=C4)O)C(O)C(O)C1O
S3843,Madecassoside,CC1CCC2(CCC3(C)C(=CCC4C5(C)CC(O)C(O)C(C)(CO)C5C(O)CC34C)C2C1C)C(=O)OC6OC(COC7OC(CO)C(OC8OC(C)C(O)C(O)C8O)C(O)C7O)C(O)C(O)C6O
S3846,Eupatilin,COC1=CC=C(C=C1OC)C2=CC(=O)C3=C(O2)C=C(O)C(=C3O)OC
S3847,Panaxatriol,CC1(C)CCCC(C)(O1)C2CCC3(C)C2C(O)CC4C5(C)CCC(O)C(C)(C)C5C(O)CC34C
S3848,Hydroxytyrosol Acetate,CC(=O)OCCC1=CC(=C(O)C=C1)O
S3849,D-Galactose,OCC1OC(O)C(O)C(O)C1O
S3855,Ethyl ferulate,CCOC(=O)/C=C/C1=CC(=C(O)C=C1)OC
S3857,4-Hydroxybenzyl alcohol,OCC1=CC=C(O)C=C1
S3858,Lawsone,OC1=CC(=O)C2=C(C=CC=C2)C1=O
S3859,Vanillyl Alcohol,COC1=CC(=CC=C1O)CO
S3860,Allicin,C=CCS[S](=O)CC=C
S3862,Gallic acid trimethyl ether,COC1=CC(=CC(=C1OC)OC)C(O)=O
S3867,(E)-Cardamonin,COC1=CC(=CC(=C1C(=O)\C=C\C2=CC=CC=C2)O)O
S3869,Methyl protocatechuate,COC(=O)C1=CC(=C(O)C=C1)O
S3870,D-Pinitol,COC1C(O)C(O)C(O)C(O)C1O
S3872,Guaiacol,COC1=C(O)C=CC=C1
S3874,Curcumenol,CC1CCC2C(=CC3(O)OC12CC3=C(C)C)C
S3875,Alpinetin,COC1=CC(=CC2=C1C(=O)CC(O2)C3=CC=CC=C3)O
S3877,Lysionotin,COC1=CC=C(C=C1)C2=CC(=O)C3=C(O)C(=C(O)C(=C3O2)OC)OC
S3878,Bavachinin,COC1=CC2=C(C=C1CC=C(C)C)C(=O)CC(O2)C3=CC=C(O)C=C3
S3879,Kaempferide,COC1=CC=C(C=C1)C2=C(O)C(=O)C3=C(O2)C=C(O)C=C3O
S3880,Schisantherin A,COC1=CC2=C(C(=C1OC)OC)C3=C(CC(C)C(C)(O)C2OC(=O)C4=CC=CC=C4)C=C5OCOC5=C3OC
S3881,Scopoletin,COC1=CC2=C(OC(=O)C=C2)C=C1O
S3883,Protopine,CN1CCC2=C(C=C3OCOC3=C2)C(=O)CC4=C(C1)C5=C(OCO5)C=C4
S3884,Jatrorrhizine,COC1=CC2=C(CC[N+]3=CC4=C(C=CC(=C4OC)OC)C=C23)C=C1O
S3885,Pyrogallol,OC1=C(O)C(=CC=C1)O
S3888,"3,4',5-Trimethoxy-trans-stilbene",COC1=CC=C(C=C1)/C=C/C2=CC(=CC(=C2)OC)OC
S3897,(-)-Arctigenin,COC1=C(O)C=CC(=C1)CC2C(COC2=O)CC3=CC=C(OC)C(=C3)OC
S3898,Hydroxy Camptothecine,CCC1(O)C(=O)OCC2=C1C=C3N(CC4=CC5=C(C=CC(=C5)O)N=C34)C2=O
S3905,Iso-Steviol,CC12CCC3C4(C)CCCC(C)(C4CCC3(CC1=O)C2)C(O)=O
S3906,Astragalus polyphenols,OCC1OC(OC2=C(\C=C\C3=CC=C(O)C=C3)C=C(O)C=C2O)C(O)C(O)C1O
S3908,4'-Demethylpodophyllotoxin,COC1=CC(=CC(=C1O)OC)C2C3C(COC3=O)C(O)C4=C2C=C5OCOC5=C4
S3909,Catalpol,OCC1OC(OC2OC=CC3C(O)C4OC4(CO)C23)C(O)C(O)C1O
S3910,"4',7-Dimethoxyisoflavone",COC1=CC=C(C=C1)C2=COC3=C(C=CC(=C3)OC)C2=O
S3917,Tetrahydrocurcumin,COC1=C(O)C=CC(=C1)CCC(=O)CC(=O)CCC2=CC=C(O)C(=C2)OC
S3918,"4',7-Dimethoxy-5-Hydroxyflavone",COC1=CC=C(C=C1)C2=CC(=O)C3=C(O2)C=C(OC)C=C3O
S3922,(-)-epigallocatechin,OC1CC2=C(OC1C3=CC(=C(O)C(=C3)O)O)C=C(O)C=C2O
S3924,Ginsenoside Rb1,CC(C)=CCCC(C)(OC1OC(COC2OC(CO)C(O)C(O)C2O)C(O)C(O)C1O)C3CCC4(C)C3C(O)CC5C6(C)CCC(OC7OC(CO)C(O)C(O)C7OC8OC(CO)C(O)C(O)C8O)C(C)(C)C6CCC45C
S3925,(-)-Epicatechin gallate,OC1=CC2=C(CC(OC(=O)C3=CC(=C(O)C(=C3)O)O)C(O2)C4=CC=C(O)C(=C4)O)C(=C1)O
S3926,Forsythin,COC1=CC=C(C=C1OC)C2OCC3C2COC3C4=CC(=C(OC5OC(CO)C(O)C(O)C5O)C=C4)OC
S3929,Liquiritigenin,OC1=CC=C(C=C1)C2CC(=O)C3=CC=C(O)C=C3O2
S3930,Liquiritin,OCC1OC(OC2=CC=C(C=C2)C3CC(=O)C4=C(O3)C=C(O)C=C4)C(O)C(O)C1O
S3932,Astilbin,CC1OC(OC2C(OC3=C(C(=CC(=C3)O)O)C2=O)C4=CC(=C(O)C=C4)O)C(O)C(O)C1O
S3934,Acetyl Resveratrol,CC(=O)OC1=CC=C(C=C1)/C=C/C2=CC(=CC(=C2)OC(C)=O)OC(C)=O
S3935,Nonivamide,CCCCCCCCC(=O)NCC1=CC(=C(O)C=C1)OC
S3937,Pterostilbene,COC1=CC(=CC(=C1)\C=C\C2=CC=C(O)C=C2)OC
S3939,4'-Methoxyresveratrol,COC1=CC=C(C=C1)\C=C\C2=CC(=CC(=C2)O)O
S3940,3'-Hydroxypterostilbene,COC1=CC(=CC(=C1)/C=C/C2=CC(=C(O)C=C2)O)OC
S3941,Pinocembrin,OC1=CC2=C(C(=O)CC(O2)C3=CC=CC=C3)C(=C1)O
S3942,Cardamonin,COC1=CC(=CC(=C1C(=O)C=CC2=CC=CC=C2)O)O
S3951,Tannic acid,OC1=CC(=CC(=C1O)O)C(=O)OC2=C(O)C(=CC(=C2)C(=O)OCC3OC(OC(=O)C4=CC(=C(O)C(=C4)O)OC(=O)C5=CC(=C(O)C(=C5)O)O)C(OC(=O)C6=CC(=C(O)C(=C6)O)OC(=O)C7=CC(=C(O)C(=C7)O)O)C(OC(=O)C8=CC(=C(O)C(=C8)O)OC(=O)C9=CC(=C(O)C(=C9)O)O)C3OC(=O)C%10=CC(=C(O)C(=C%10)O)OC(=O)C%11=CC(=C(O)C(=C%11)O)O)O
S3952,"3,4-Dihydroxybenzaldehyde",OC1=CC=C(C=O)C=C1O
S3956,Tetramethylpyrazine,CC1=NC(=C(C)N=C1C)C
S3957,Gamma-Oryzanol,COC1=CC(=CC=C1O)/C=C/C(=O)OC2CCC34CC35CCC6(C)C(CCC6(C)C5CCC4C2(C)C)C(C)CCC=C(C)C
S3960,Higenamine hydrochloride,Cl.OC1=CC=C(CC2NCCC3=CC(=C(O)C=C23)O)C=C1
S3967,Flavone,O=C1C=C(OC2=C1C=CC=C2)C3=CC=CC=C3
S3969,Veratric acid,COC1=C(OC)C=C(C=C1)C(O)=O
S3974,(+)-Catechin hydrate,OC1CC2=C(OC1C3=CC(=C(O)C=C3)O)C=C(O)C=C2O
S3975,Protocatechuic acid,OC(=O)C1=CC(=C(O)C=C1)O
S3980,Pyridoxine,CC1=NC=C(CO)C(=C1O)CO
S3981,Sinapinic Acid,COC1=C(O)C(=CC(=C1)\C=C\C(O)=O)OC
S3984,Nordihydroguaiaretic acid (NDGA),CC(CC1=CC=C(O)C(=C1)O)C(C)CC2=CC=C(O)C(=C2)O
S3990,Trans-Anethole,COC1=CC=C(\C=C\C)C=C1
S3993,Ethyl Vanillate,CCOC(=O)C1=CC(=C(O)C=C1)OC
S3996,Thioctic acid,OC(=O)CCCCC1CCSS1
S3998,(+)-¦Á-Lipoic acid,OC(=O)CCCCC1CCSS1
S4017,Allylthiourea,NC(=S)NCC=C
S4073,Sodium 4-Aminosalicylate,[Na+].NC1=CC(=C(C=C1)C([O-])=O)O
S4083,Vitamin A Acetate,CC(=O)OC/C=C(C)/C=C/C=C(C)/C=C/C1=C(C)CCCC1(C)C
S4084,Lomerizine 2HCl,Cl.Cl.COC1=C(OC)C(=C(CN2CCN(CC2)C(C3=CC=C(F)C=C3)C4=CC=C(F)C=C4)C=C1)OC
S4118,Histamine 2HCl,Cl.Cl.NCCC1=C[NH]C=N1
S4128,Troxipide,COC1=C(OC)C(=CC(=C1)C(=O)NC2CCCNC2)OC
S4132,Deoxyarbutin,OC1=CC=C(OC2CCCCO2)C=C1
S4170,Coumarin,O=C1OC2=C(C=CC=C2)C=C1
S4198,Aminothiazole,NC1=NC=CS1
S4206,Cysteamine HCl,Cl.NCCS
S4238,Cepharanthine,COC1=C2OC3=CC=C(CC4N(C)CCC5=C4C(=C6OCOC6=C5)OC7=C(OC)C=C8CCN(C)C(CC(=C2)C=C1)C8=C7)C=C3
S4261,EUK 134,COC1=C2O[Mn]|3|4(Cl)OC5=C(OC)C=CC=C5C=N|3CCN|4=CC2=CC=C1
S4511,6-Benzylaminopurine,C(NC1=NC=NC2=C1[NH]C=N2)C3=CC=CC=C3
S4539,Salicylic acid,OC(=O)C1=C(O)C=CC=C1
S4543,Trimetazidine dihydrochloride,Cl.Cl.COC1=C(OC)C(=C(CN2CCNCC2)C=C1)OC
S4550,Azelaic acid,OC(=O)CCCCCCCC(O)=O
S4561,Danthron,OC1=CC=CC2=C1C(=O)C3=C(O)C=CC=C3C2=O
S4603,Gallic acid,OC(=O)C1=CC(=C(O)C(=C1)O)O
S4636,Teneligliptin hydrobromide,CC1=N[N](C2=CC=CC=C2)C(=C1)N3CCN(CC3)C4CNC(C4)C(=O)N5CCSC5
S4648,Dantrolene sodium hemiheptahydrate,CCC1CN2CCC1CC2C(O)C3=C4C=C(OC)C=CC4=NC=C3
S4676,Gluconolactone,OCC1OC(=O)C(O)C(O)C1O
S4686,Vitamin E,CC(C)CCCC(C)CCCC(C)CCCC1(C)CCC2=C(C)C(=C(C)C(=C2O1)C)O
S4697,Saxagliptin hydrate,O.NC(C(=O)N1C(CC2CC12)C#N)[C]34CC5[CH2]C(C[C](O)(C5)C3)C4
S4701,2-Deoxy-D-glucose (2-DG),OCC1OC(O)CC(O)C1O
S4706,Eugenol,COC1=C(O)C=CC(=C1)CC=C
S4711,Esculetin,OC1=CC2=C(C=CC(=O)O2)C=C1O
S4712,Diethylmaleate,CCOC(=O)\C=C/C(=O)OCC
S4722,(+)-Catechin,OC1CC2=C(OC1C3=CC(=C(O)C=C3)O)C=C(O)C=C2O
S4723,(-)Epicatechin,OC1CC2=C(OC1C3=CC(=C(O)C=C3)O)C=C(O)C=C2O
S4731,Perphenazine,OCCN1CCN(CCCN2C3=CC=CC=C3SC4=C2C=C(Cl)C=C4)CC1
S4732,MPTP hydrochloride,Cl.CN1CCC(=CC1)C2=CC=CC=C2
S4735,Salvianolic acid B,OC(=O)C(CC1=CC(=C(O)C=C1)O)OC(=O)/C=C/C2=CC=C(O)C3=C2C(C(O3)C4=CC=C(O)C(=C4)O)C(=O)OC(CC5=CC=C(O)C(=C5)O)C(O)=O
S4737,Psoralen,O=C1OC2=C(C=C1)C=C3C=COC3=C2
S4739,Oxyresveratrol,OC1=CC=C(\C=C\C2=CC(=CC(=C2)O)O)C(=C1)O
S4743,Wogonin,COC1=C(O)C=C(O)C2=C1OC(=CC2=O)C3=CC=CC=C3
S4753,Ganoderic acid A,CC(CC(=O)CC(C)C(O)=O)C1CC(O)C2(C)C3=C(C(=O)CC12C)C4(C)CCC(=O)C(C)(C)C4CC3O
S4759,p-Coumaric Acid,OC(=O)\C=C\C1=CC=C(O)C=C1
S4761,Thymoquinone,CC(C)C1=CC(=O)C(=CC1=O)C
S4762,"2,4-Dihydroxyacetophenone",CC(=O)C1=C(O)C=C(O)C=C1
S4763,4-Hydroxychalcone,OC1=CC=C(C=C1)/C=C/C(=O)C2=CC=CC=C2
S4765,Syringaldehyde,COC1=C(O)C(=CC(=C1)C=O)OC
S4766,Gibberellic acid,CC12C(O)C=CC3(OC1=O)C4CCC5(O)CC4(CC5=C)C(C23)C(O)=O
S4771,¦Â-thujaplicin,CC(C)C1=CC=CC(=O)C(=C1)O
S4781,Xanthoxyline,COC1=CC(=C(C(C)=O)C(=C1)OC)O
S4783,Benzyl isothiocyanate,S=C=NCC1=CC=CC=C1
S4787,Methyl syringate,COC(=O)C1=CC(=C(O)C(=C1)OC)OC
S4809,3-Indolepropionic acid,OC(=O)CCC1=C[NH]C2=C1C=CC=C2
S4815,L-Cysteine HCl,Cl.NC(CS)C(O)=O
S4849,Levocetirizine Dihydrochloride,Cl.Cl.OC(=O)COCCN1CCN(CC1)C(C2=CC=CC=C2)C3=CC=C(Cl)C=C3
S4862,Squalene,CC(C)=CCC\C(C)=C\CC\C(C)=C\CC\C=C(C)\CC\C=C(C)\CCC=C(C)C
S4866,Nicarbazin,CC1=NC(=NC(=C1)C)O.[O-][N+](=O)C2=CC=C(NC(=O)NC3=CC=C(C=C3)[N+]([O-])=O)C=C2
S4902,QNZ (EVP4593),NC1=CC2=C(NCCC3=CC=C(OC4=CC=CC=C4)C=C3)N=CN=C2C=C1
S4936,Antiarol,COC1=CC(=CC(=C1OC)OC)O
S4937,4'-Hydroxychalcone,OC1=CC=C(C=C1)C(=O)\C=C\C2=CC=CC=C2
S4940,Maltol,CC1=C(O)C(=O)C=CO1
S4941,Farnesol,CC(C)=CCCC(/C)=C/CCC(/C)=C/CO
S4957,Linalool,CC(C)=CCCC(C)(O)C=C
S4963,Purpurin,OC1=CC(=C2C(=O)C3=C(C=CC=C3)C(=O)C2=C1O)O
S4964,Lactobionic acid,OCC(O)C(OC1OC(CO)C(O)C(O)C1O)C(O)C(O)C(O)=O
S4966,4-Methylesculetin,CC1=CC(=O)OC2=C1C=C(O)C(=C2)O
S4977,Efonidipine,CC1=C(C(C2=CC(=CC=C2)[N+]([O-])=O)C(=C(C)N1)[P]3(=O)OCC(C)(C)CO3)C(=O)OCCN(CC4=CC=CC=C4)C5=CC=CC=C5
S4981,Cyclogalegenol,CC(C)(O)C1CCC(C)(O1)C2C(O)CC3(C)C4CC(O)C5C(C)(C)C(O)CCC56CC46CCC23C
S4990,TBHQ,CC(C)(C)C1=C(O)C=CC(=C1)O
S5079,Sitagliptin,NC(CC(=O)N1CC[N]2C(=NN=C2C(F)(F)F)C1)CC3=C(F)C=C(F)C(=C3)F
S5104,Tea polyphenol,
S5105,Proanthocyanidins,OC1C(O)C(OC2CC3=C(OC2C4=CC=C(O)C(=C4)O)C=C(O)C=C3O)(OC5=C1C(=CC(=C5)O)O)C6=CC=C(O)C(=C6)O
S5109,Ademetionine,C[S+](CCC(N)C([O-])=O)CC1OC(C(O)C1O)[N]2C=NC3=C2N=CN=C3N
S5110,Safflower Yellow,OCC1OC(C(O)C(O)C1O)C2(O)C(=C(\C=C/3C(=O)C(=C(O)C(O)(C4OC(CO)C(O)C(O)C4O)C3=O)C(=O)\C=C\C5=CC=C(O)C=C5)C(=O)C(=C2O)C(=O)\C=C\C6=CC=C(O)C=C6)O
S5113,Propyl gallate,CCCOC(=O)C1=CC(=C(O)C(=C1)O)O
S5121,Phytol,CC(C)CCCC(C)CCCC(C)CCC\C(C)=C\CO
S5133,Sodium erythorbate,OCC(O)C1OC(=O)C(=C1O[Na])O
S5143,Citropten,COC1=CC2=C(C=CC(=O)O2)C(=C1)OC
S5144,Neferine,COC1=CC=C(CC2N(C)CCC3=C2C=C(OC4=CC(=CC=C4O)CC5N(C)CCC6=C5C=C(OC)C(=C6)OC)C(=C3)OC)C=C1
S5151,Gypenoside,CC1OC(OC2C(OCC(O)C2OC3OCC(O)C(O)C3O)OC4CCC5(C=O)C(CCC6(C)C5CCC7C(CCC67C)C(O)(CCC=C(C)C)COC8OC(CO)C(O)C(O)C8O)C4(C)C)C(O)C(O)C1O
S5157,Thymol,CC(C)C1=CC=C(C)C=C1O
S5174,Kojic acid,OCC1=CC(=O)C(=CO1)O
S5221,Diludine,CCOC(=O)C1=C(C)NC(=C(C1)C(=O)OCC)C
S5284,Adenosine 5'-monophosphate monohydrate,O.NC1=NC=NC2=C1N=C[N]2C3OC(CO[P](O)(O)=O)C(O)C3O
S5312,Urolithin A,OC1=CC=C2C(=C1)OC(=O)C3=CC(=CC=C23)O
S5314,"HTHQ (1-O-Hexyl-2,3,5-trimethylhydroquinone)",CCCCCCOC1=CC(=C(O)C(=C1C)C)C
S5318,Acacetin,COC1=CC=C(C=C1)C2=CC(=O)C3=C(O2)C=C(O)C=C3O
S5343,Vanillic acid,COC1=C(O)C=CC(=C1)C(O)=O
S5345,(+/-)-nerolidol,CC(C)=CCC/C(C)=C/CCC(C)(O)C=C
S5369,Ethoxyquin,CCOC1=CC2=C(NC(C)(C)C=C2C)C=C1
S5380,7-Hydroxyflavone,OC1=CC=C2C(=O)C=C(OC2=C1)C3=CC=CC=C3
S5440,Berberine Sulfate,COC1=C(OC)C2=C(C=C1)C=C3C4=C(CC[N+]3=C2)C=C5OCOC5=C4.O[S]([O-])(=O)=O
S5450,Sofalcone,CC(C)=CCOC1=CC=C(/C=C/C(=O)C2=C(OCC(O)=O)C=C(OCC=C(C)C)C=C2)C=C1
S5451,Ferulic acid methyl ester,COC(=O)\C=C\C1=CC=C(O)C(=C1)OC
S5453,Hyperoside,OCC1OC(OC2=C(OC3=C(C(=CC(=C3)O)O)C2=O)C4=CC(=C(O)C=C4)O)C(O)C(O)C1O
S5456,Isobavachalcone,CC(C)=CCC1=C(O)C(=CC=C1O)C(=O)\C=C\C2=CC=C(O)C=C2
S5457,Curculigoside,COC1=C(C(=O)OCC2=CC(=CC=C2OC3OC(CO)C(O)C(O)C3O)O)C(=CC=C1)OC
S5458,Verbascoside,CC1OC(OC2C(O)C(OCCC3=CC=C(O)C(=C3)O)OC(CO)C2OC(=O)\C=C\C4=CC=C(O)C(=C4)O)C(O)C(O)C1O
S5460,Vitexin-2-O-rhaMnoside,CC1OC(OC2C(O)C(O)C(CO)OC2C3=C(O)C=C(O)C4=C3OC(=CC4=O)C5=CC=C(O)C=C5)C(O)C(O)C1O
S5464,Psoralidin,CC(C)=CCC1=CC2=C(OC(=O)C3=C2OC4=C3C=CC(=C4)O)C=C1O
S5465,Morroniside,COC(=O)C1=COC(OC2OC(CO)C(O)C(O)C2O)C3C(C)OC(O)CC13
S5466,Saikosaponin A,CC1OC(OC2CCC3(C)C(CCC4(C)C3C=CC56OCC7(CCC(C)(C)CC57)C(O)CC46C)C2(C)CO)C(O)C(OC8OC(CO)C(O)C(O)C8O)C1O
S5469,Bavachin,CC(C)=CCC1=CC2=C(OC(CC2=O)C3=CC=C(O)C=C3)C=C1O
S5520,Phenidone,O=C1CCN(N1)C2=CC=CC=C2
S5529,Galangin,OC1=CC2=C(C(=C1)O)C(=O)C(=C(O2)C3=CC=CC=C3)O
S5548,7-Hydroxy-4-chromone,OC1=CC=C2C(=O)C=COC2=C1
S5550,Ethyl gallate,CCOC(=O)C1=CC(=C(O)C(=C1)O)O
S5551,6-Paradol,CCCCCCCC(=O)CCC1=CC=C(O)C(=C1)OC
S5558,D-Pantothenate Sodium,[Na+].CC(C)(CO)C(O)C(=O)NCCC([O-])=O
S5600,Flavokawain A,COC1=CC=C(/C=C/C(=O)C2=C(OC)C=C(OC)C=C2O)C=C1
S5604,Diphenylamine Hydrochloride,Cl.N(C1=CC=CC=C1)C2=CC=CC=C2
S5616,4-Methylcatechol,CC1=CC(=C(O)C=C1)O
S5623,Bedaquiline,COC1=NC2=CC=C(Br)C=C2C=C1C(C3=CC=CC=C3)C(O)(CCN(C)C)C4=CC=CC5=CC=CC=C45
S5640,Ethyl caffeate,CCOC(=O)/C=C/C1=CC(=C(O)C=C1)O
S5642,Homovanillic acid,COC1=C(O)C=CC(=C1)CC(O)=O
S5686,Tryptanthrin,O=C1N2C3=C(C=CC=C3)C(=O)C2=NC4=CC=CC=C14
S5688,Tropolone (NSC 89303),OC1=CC=CC=CC1=O
S5757,Isoeugenol,COC1=C(O)C=CC(=C1)\C=C\C
S5759,Methyl linoleate,CCCCC/C=C\C\C=C/CCCCCCCC(=O)OC
S5771,Sulforaphane,C[S](=O)CCCCN=C=S
S5779,Trimetazidine,COC1=CC=C(CN2CCNCC2)C(=C1OC)OC
S5804,N-Acetylcysteine amide,CC(=O)NC(CS)C(N)=O
S5834,p-Coumaric acid ethyl ester,CCOC(=O)\C=C\C1=CC=C(O)C=C1
S5842,Cabergoline,CCNC(=O)N(CCCN(C)C)C(=O)C1CC2C(CC3=C[NH]C4=C3C2=CC=C4)N(CC=C)C1
S5851,4'-Methoxychalcone,COC1=CC=C(C=C1)C(=O)\C=C\C2=CC=CC=C2
S5887,Khellin,COC1=C2OC(=CC(=O)C2=C(OC)C3=C1OC=C3)C
S5928,Zerumbone,CC\1=C/CC(C)(C)\C=C\C(=O)\C(=C\CC1)C
S5929,4-Octyl Itaconate,CCCCCCCCOC(=O)CC(=C)C(O)=O
S6018,"2,3,4-Trihydroxybenzoic acid",OC(=O)C1=C(O)C(=C(O)C=C1)O
S6071,"3,5-Dimethoxyphenol",COC1=CC(=CC(=C1)OC)O
S6104,(ˇŔ)-¦Á-Tocopherol,CC(C)CCCC(C)CCCC(C)CCCC1(C)CCC2=C(C)C(=C(C)C(=C2O1)C)O
S6125,Glycerol trilinoleate,CCCCC/C=C\C\C=C/CCCCCCCC(=O)OCC(COC(=O)CCCCCCC\C=C/C/C=C\CCCCC)OC(=O)CCCCCCC\C=C/C/C=C\CCCCC
S6182,"L-Gulono-1,4-lactone",OCC(O)C1OC(=O)C(O)C1O
S6202,Butylated hydroxytoluene,CC1=CC(=C(O)C(=C1)C(C)(C)C)C(C)(C)C
S6228,Indole-2-carboxylic acid,OC(=O)C1=CC2=C([NH]1)C=CC=C2
S6229,Lauryl gallate,CCCCCCCCCCCCOC(=O)C1=CC(=C(O)C(=C1)O)O
S6243,Ethyl pyruvate,CCOC(=O)C(C)=O
S6254,Hydrocinnamic acid,OC(=O)CCC1=CC=CC=C1
S6264,Rutin hydrate,CC1OC(OCC2OC(OC3=C(OC4=C(C(=CC(=C4)O)O)C3=O)C5=CC(=C(O)C=C5)O)C(O)C(O)C2O)C(O)C(O)C1O
S6293,"2,4-Dihydroxybenzoic acid",OC(=O)C1=C(O)C=C(O)C=C1
S6294,"1,3,5-Trimethoxybenzene",COC1=CC(=CC(=C1)OC)OC
S6323,"2,6-Dimethoxybenzoic acid",COC1=CC=CC(=C1C(O)=O)OC
S6338,"3,4-Dihydroxyhydrocinnamic acid",OC(=O)CCC1=CC(=C(O)C=C1)O
S6348,(+)-Delta-Tocopherol,CC(C)CCCC(C)CCCC(C)CCCC1(C)CCC2=C(O1)C(=CC(=C2)O)C
S6349,NADH Disodium Salt Hydrate,[Na+].[Na+].NC(=O)C1=CN(C=CC1)C2OC(CO[P]([O-])(=O)O[P]([O-])(=O)OCC3OC(C(O)C3O)[N]4C=NC5=C4N=CN=C5N)C(O)C2O
S6402,2-Aminoethanethiol,NCCS
S6420,AGI 1067,CC(C)(C)C1=C(O)C(=CC(=C1)SC(C)(C)SC2=CC(=C(OC(=O)CCC(O)=O)C(=C2)C(C)(C)C)C(C)(C)C)C(C)(C)C
S6426,Hesperidin methylchalcone,COC1=C(O)C=C(/C=C/C(=O)C2=C(OC)C=C(OC3OC(COC4OC(C)C(O)C(O)C4O)C(O)C(O)C3O)C=C2O)C=C1
S6429,Coniferyl alcohol,COC1=CC(=CC=C1O)/C=C/CO
S6441,Riboflavin Tetrabutyrate,CCCC(=O)OCC(OC(=O)CCC)C(OC(=O)CCC)C(CN1C2=C(C=C(C)C(=C2)C)N=C3C(=O)NC(=O)N=C13)OC(=O)CCC
S6601,(ˇŔ)-Equol,OC1=CC=C(C=C1)C2COC3=C(C2)C=CC(=C3)O
S7149,NSC 319726,CC(=N\NC(=S)N1CCC1)/C2=NC=CC=C2
S7171,Setanaxib (GKT137831),CN(C)C1=CC=CC(=C1)C2=C3C(=O)N(NC3=CC(=O)N2C)C4=CC=CC=C4Cl
S7273,SC75741,O=C(NC1=NC2=CC=C(C=C2[NH]1)C(=O)C3=CC=CC=C3)C4=CSC(=N4)C5CCN(CC5)C6=C7SC=CC7=NC=N6
S7317,WZ4003,CCC(=O)NC1=CC=CC(=C1)OC2=NC(=NC=C2Cl)NC3=C(OC)C=C(C=C3)N4CCN(C)CC4
S7318,HTH-01-015,CN1C(=O)C2=C(C=C3C=CC=CC3=C2)N(C)C4=NC(=NC(=C14)C)NC5=C[N](N=C5)C6CCNCC6
S7351,JSH-23,CC1=CC=C(NCCCC2=CC=CC=C2)C(=C1)N
S7380,Leupeptin Hemisulfate,CC(C)CC(NC(C)=O)C(=O)NC(CC(C)C)C(=O)NC(CCCNC(N)=N)C=O
S7414,Caffeic Acid Phenethyl Ester,OC1=CC=C(/C=C/C(=O)OCCC2=CC=CC=C2)C=C1O
S7445,APX-3330,CCCCCCCCCC(=C/C1=C(C)C(=O)C(=C(OC)C1=O)OC)\C(O)=O
S7448,CORM-3,Cl[Ru]1(NCC(=O)O1)(C=O)(C=O)C=O
S7501,HO-3867,CC1(C)C=C(CN2C\C(=C/C3=CC=C(F)C=C3)C(=O)C(/C2)=C/C4=CC=C(F)C=C4)C(C)(C)N1O
S7551,Piperlongumine,COC1=CC(=CC(=C1OC)OC)/C=C/C(=O)N2CCC=CC2=O
S7589,N6022,CC1=C(C=CC(=C1)C(N)=O)[N]2C(=CC=C2C3=CC=C(C=C3)[N]4C=CN=C4)CCC(O)=O
S7660,Obeticholic Acid,CCC1C(O)C2C3CCC(C(C)CCC(O)=O)C3(C)CCC2C4(C)CCC(O)CC14
S7672,Omaveloxolone (RTA-408),CC1(C)CCC2(CCC3(C)C(C2C1)C(=O)C=C4C3(C)CCC5C(C)(C)C(=O)C(=CC45C)C#N)NC(=O)C(C)(F)F
S7724,Eprenetapopt (APR-246),COCC1(CO)N2CCC(CC2)C1=O
S7828,Licochalcone A,COC1=C(/C=C/C(=O)C2=CC=C(O)C=C2)C=C(C(=C1)O)C(C)(C)C=C
S7864,Oltipraz,CC1=C(SSC1=S)C2=NC=CN=C2
S7867,Oleuropein,COC(=O)C1=COC(OC2OC(CO)C(O)C(O)C2O)\C(=C\C)C1CC(=O)OCCC3=CC(=C(O)C=C3)O
S7889,Xanthohumol,COC1=C(C(=C(CC=C(C)C)C(=C1)O)O)C(=O)\C=C\C2=CC=C(O)C=C2
S7898,GSK621,COC1=CC(=CC=C1)N2C(=O)NC3=C([N](C(=C3)Cl)C4=CC=C(C=C4)C5=C(O)C(=CC=C5)OC)C2=O
S7947,PX-12,CCC(C)SSC1=NC=C[NH]1
S7953,ETC-1002,CC(C)(CCCCCC(O)CCCCCC(C)(C)C(O)=O)C(O)=O
S7995,Ripasudil (K-115) hydrochloride dihydrate,O.O.Cl.CC1CNCCCN1[S](=O)(=O)C2=CC=CC3=CN=CC(=C23)F
S8036,Butein,OC1=CC(=C(C=C1)C(=O)\C=C\C2=CC(=C(O)C=C2)O)O
S8078,Bardoxolone Methyl,COC(=O)C12CCC(C)(C)CC1C3C(=O)C=C4C(C)(CCC5C(C)(C)C(=O)C(=CC45C)C#N)C3(C)CC2
S8132,Deguelin,COC1=CC2=C(C=C1OC)C3C(CO2)OC4=C5C=CC(C)(C)OC5=CC=C4C3=O
S8173,Verubecestat (MK-8931) Trifluoroacetate,CN1C(=N)NC(C)(C[S]1(=O)=O)C2=CC(=CC=C2F)NC(=O)C3=CC=C(F)C=N3.OC(=O)C(F)(F)F
S8178,Wnt agonist 1,Cl.COC1=CC(=CC=C1)C2=NC(=NC(=C2)NCC3=CC=C4OCOC4=C3)N
S8261,GSK583,CC(C)(C)[S](=O)(=O)C1=CC=C2N=CC=C(NC3=N[NH]C4=C3C=C(F)C=C4)C2=C1
S8279,(ˇŔ)-Shikonin,CC(C)=CCC(O)C1=CC(=O)C2=C(O)C=CC(=C2C1=O)O
S8281,CCF642,COC1=CC=C(C=C1)N2C(=S)S\C(=C/C3=CC=C(S3)[N+]([O-])=O)C2=O
S8288,VLX1570,[O-][N+](=O)C1=C(F)C=CC(=C1)\C=C2/CCN(C\C(=C/C3=CC=C(F)C(=C3)[N+]([O-])=O)C2=O)C(=O)C=C
S8289,NQDI-1,CCOC(=O)C1=C2C3=C(C=CC=C3)C(=O)C4=C2C(=CC=C4)NC1=O
S8291,Atractylenolide I,CC1=C2CC3C(=C)CCCC3(C)C=C2OC1=O
S8319,"7,8-Dihydroxyflavone",OC1=CC=C2C(=O)C=C(OC2=C1O)C3=CC=CC=C3
S8335,PF-06409577,OC(=O)C1=C[NH]C2=CC(=C(C=C12)C3=CC=C(C=C3)C4(O)CCC4)Cl
S8358,WNK463,CC(C)(C)NC(=O)C1=CN=C[N]1C2CCN(CC2)C3=NC=C(C=C3)C4=NN=C(O4)C(F)(F)F
S8370,BGP-15 2HCl,Cl.Cl.NC(=N\OCC(O)CN1CCCCC1)/C2=CC=CN=C2
S8405,RRx-001,[O-][N+](=O)C1(CN(C1)C(=O)CBr)[N+]([O-])=O
S8432,Troglitazone (CS-045),CC1=C(O)C(=C2CCC(C)(COC3=CC=C(CC4SC(=O)NC4=O)C=C3)OC2=C1C)C
S8447,8-OH-DPAT (8-Hydroxy-DPAT),CCCN(CCC)C1CCC2=CC=CC(=C2C1)O
S8483,CBL0137 HCl,Cl.CC(C)NCC[N]1C2=C(C=C(C=C2)C(C)=O)C3=C1C=CC(=C3)C(C)=O
S8484,GSK2982772,CN1C(=O)C(COC2=CC=CC=C12)NC(=O)C3=N[NH]C(=N3)CC4=CC=CC=C4
S8493,PD-166866 (PD166866),COC1=CC(=CC(=C1)C2=CC3=C(N=C(N)N=C3)N=C2NC(=O)NC(C)(C)C)OC
S8558,Tofogliflozin(CSG 452),O.CCC1=CC=C(CC2=CC3=C(COC34OC(CO)C(O)C(O)C4O)C=C2)C=C1
S8564,Verubecestat (MK-8931),CN1C(=N)NC(C)(C[S]1(=O)=O)C2=CC(=CC=C2F)NC(=O)C3=CC=C(F)C=N3
S8642,GSK'963,CC(C)(C)C(=O)N1N=CCC1C2=CC=CC=C2
S8654,ex229 (compound 991),C[N]1C=CC2=C1C=CC(=C2)C3=C(Cl)C=C4[NH]C(=NC4=C3)OC5=CC(=C(C)C=C5)C(O)=O
S8662,PTC-028,CC1=NC2=C(C=C(F)C(=C2)F)[N]1C3=CN=CC(=N3)NC4=CC=C(C=C4)C(F)(F)F
S8790,ML385,CC1=C(N=C(NC(=O)CC2=CC3=C(OCO3)C=C2)S1)C4=CC=C5N(CCC5=C4)C(=O)C6=C(C)C=CC=C6
S8803,MK-3903,CC1=CC=C(OC2=NC3=CC(=C(C=C3[NH]2)C4=CC=C(C=C4)C5=CC=CC=C5)Cl)C=C1C(O)=O
S8818,V-9302,CC1=CC(=CC=C1)COC2=C(CN(CCC(N)C(O)=O)CC3=CC=CC=C3OCC4=CC=CC(=C4)C)C=CC=C2
S9013,Paulownin,OC12COC(C1COC2C3=CC4=C(OCO4)C=C3)C5=CC6=C(OCO6)C=C5
S9017,Columbianadin,C\C=C(C)/C(=O)OC(C)(C)C1CC2=C(O1)C=CC3=C2OC(=O)C=C3
S9018,Luteoloside,OCC1OC(OC2=CC3=C(C(=C2)O)C(=O)C=C(O3)C4=CC=C(O)C(=C4)O)C(O)C(O)C1O
S9021,(20R)Ginsenoside Rg3,CC(C)=CCCC(C)(O)C1CCC2(C)C1C(O)CC3C4(C)CCC(OC5OC(CO)C(O)C(O)C5OC6OC(CO)C(O)C(O)C6O)C(C)(C)C4CCC23C
S9022,20S-Ginsenoside Rg3,CC(C)=CCCC(C)(O)C1CCC2(C)C1C(O)CC3C4(C)CCC(OC5OC(CO)C(O)C(O)C5OC6OC(CO)C(O)C(O)C6O)C(C)(C)C4CCC23C
S9026,Hastatoside,COC(=O)C1=COC(OC2OC(CO)C(O)C(O)C2O)C3C(C)CC(=O)C13O
S9031,Gambogenic acid,CC(C)=CCC/C(C)=C/CC1=C(O)C2=C(OC34C5CC(C=C3C2=O)C(=O)C4(C\C=C(\C)C(O)=O)OC5(C)C)C(=C1O)CC=C(C)C
S9032,Sanguinarine,C[N+]1=CC2=C3OCOC3=CC=C2C4=C1C5=CC6=C(OCO6)C=C5C=C4
S9033,Incensole acetate,CC(C)C12CCC(C)(O1)C(CC/C(=C/CC\C(=C\C2)C)C)OC(C)=O
S9034,Isochlorogenic acid C,OC1CC(O)(CC(OC(=O)\C=C\C2=CC=C(O)C(=C2)O)C1OC(=O)\C=C\C3=CC=C(O)C(=C3)O)C(O)=O
S9035,Isovitexin,OCC1OC(C(O)C(O)C1O)C2=C(O)C3=C(OC(=CC3=O)C4=CC=C(O)C=C4)C=C2O
S9036,(20R)Ginsenoside Rh2,CC(C)=CCCC(C)(O)C1CCC2(C)C1C(O)CC3C4(C)CCC(OC5OC(CO)C(O)C(O)C5O)C(C)(C)C4CCC23C
S9038,Calycosin,COC1=C(O)C=C(C=C1)C2=COC3=C(C=CC(=C3)O)C2=O
S9040,Maslinic acid,CC1(C)CCC2(CCC3(C)C(=CCC4C5(C)CC(O)C(O)C(C)(C)C5CCC34C)C2C1)C(O)=O
S9041,Corosolic acid,CC1CCC2(CCC3(C)C(=CCC4C5(C)CC(O)C(O)C(C)(C)C5CCC34C)C2C1C)C(O)=O
S9042,Wedelolactone,COC1=CC2=C(C(=C1)O)C3=C(C(=O)O2)C4=C(O3)C=C(O)C(=C4)O
S9043,6-Shogaol,CCCCC/C=C/C(=O)CCC1=CC=C(O)C(=C1)OC
S9046,Berberine,COC1=C(OC)C2=C(C=C1)C=C3C4=C(CC[N+]3=C2)C=C5OCOC5=C4
S9047,Leonurine Hydrochloride,Cl.COC1=C(O)C(=CC(=C1)C(=O)OCCCCNC(N)=N)OC
S9048,(+)-Gallocatechin,OC1CC2=C(OC1C3=CC(=C(O)C(=C3)O)O)C=C(O)C=C2O
S9052,Auraptene,CC(C)=CCC/C(C)=C/COC1=CC2=C(C=CC(=O)O2)C=C1
S9055,Salvianolic acid A,OC(=O)C(CC1=CC(=C(O)C=C1)O)OC(=O)\C=C\C2=C(/C=C/C3=CC(=C(O)C=C3)O)C(=C(O)C=C2)O
S9057,Sinigrin,[K+].OCC1OC(S\C(CC=C)=N\O[S]([O-])(=O)=O)C(O)C(O)C1O
S9058,Gallocatechin gallate,OC1=CC2=C(CC(OC(=O)C3=CC(=C(O)C(=C3)O)O)C(O2)C4=CC(=C(O)C(=C4)O)O)C(=C1)O
S9059,4'-O-Glucosylvitexin,OCC1OC(OC2=CC=C(C=C2)C3=CC(=O)C4=C(O3)C(=C(O)C=C4O)C5OC(CO)C(O)C(O)C5O)C(O)C(O)C1O
S9061,Hydroxy safflor yellow A,OCC1OC(C(O)C(O)C1O)C2=C(O)C(O)(C3OC(CO)C(O)C(O)C3O)C(=C(C(=O)\C=C\C4=CC=C(O)C=C4)C2=O)O
S9064,Trilobatin,OCC1OC(OC2=CC(=C(C(=O)CCC3=CC=C(O)C=C3)C(=C2)O)O)C(O)C(O)C1O
S9070,Isoxanthohumol,COC1=CC(=C(CC=C(C)C)C2=C1C(=O)CC(O2)C3=CC=C(O)C=C3)O
S9071,Nootkatone,CC1CC(=O)C=C2CCC(CC12C)C(C)=C
S9073,Lithospermoside,OCC1OC(OC\2C(O)C(O)C=CC2=C/C#N)C(O)C(O)C1O
S9076,Typhaneoside,COC1=CC(=CC=C1O)C2=C(OC3OC(COC4OC(C)C(O)C(O)C4O)C(O)C(O)C3OC5OC(C)C(O)C(O)C5O)C(=O)C6=C(O2)C=C(O)C=C6O
S9077,Plantamajoside,OCC1OC(OC2C(O)C(OCCC3=CC=C(O)C(=C3)O)OC(CO)C2OC(=O)\C=C\C4=CC=C(O)C(=C4)O)C(O)C(O)C1O
S9080,Anhydroicaritin,COC1=CC=C(C=C1)C2=C(O)C(=O)C3=C(O)C=C(O)C(=C3O2)CC=C(C)C
S9083,Rhapontin,COC1=C(O)C=C(C=C1)/C=C/C2=CC(=CC(=C2)O)OC3OC(CO)C(O)C(O)C3O
S9084,Rhoifolin,CC1OC(OC2C(O)C(O)C(CO)OC2OC3=CC4=C(C(=C3)O)C(=O)C=C(O4)C5=CC=C(O)C=C5)C(O)C(O)C1O
S9088,Calycosin-7-O-beta-D-glucoside,COC1=C(O)C=C(C=C1)C2=COC3=C(C=CC(=C3)OC4OC(CO)C(O)C(O)C4O)C2=O
S9089,Magnoflorine,COC1=C(O)C2=C(CC3C4=C2C(=C(OC)C=C4CC[N+]3(C)C)O)C=C1
S9090,Corilagin,OC1C2COC(=O)C3=CC(=C(O)C(=C3C4=C(C=C(O)C(=C4O)O)C(=O)OC1C(O)C(O2)OC(=O)C5=CC(=C(O)C(=C5)O)O)O)O
S9091,10-Gingerol,CCCCCCCCCC(O)CC(=O)CCC1=CC=C(O)C(=C1)OC
S9094,Pogostone,CC(C)CCC(=O)C1=C(O)C=C(C)OC1=O
S9095,Senegenin,CC1(C)CCC2(CCC3=C(C(CCl)CC4C5(C)CC(O)C(O)C(C)(C5CCC34C)C(O)=O)C2C1)C(O)=O
S9098,Dehydrodiisoeugenol,COC1=C(O)C=CC(=C1)C2OC3=C(C=C(\C=C\C)C=C3OC)C2C
S9099,Orientin,OCC1OC(C(O)C(O)C1O)C2=C(O)C=C(O)C3=C2OC(=CC3=O)C4=CC(=C(O)C=C4)O
S9106,Eleutheroside E,COC1=C(OC2OC(CO)C(O)C(O)C2O)C(=CC(=C1)C3OCC4C3COC4C5=CC(=C(OC6OC(CO)C(O)C(O)C6O)C(=C5)OC)OC)OC
S9107,Glycitein,COC1=CC2=C(OC=C(C2=O)C3=CC=C(O)C=C3)C=C1O
S9108,Timosaponin A3,CC1CCC2(OC1)OC3CC4C5CCC6CC(CCC6(C)C5CCC4(C)C3C2C)OC7OC(CO)C(O)C(O)C7OC8OC(CO)C(O)C(O)C8O
S9112,Kaempferitrin,CC1OC(OC2=CC3=C(C(=C2)O)C(=O)C(=C(O3)C4=CC=C(O)C=C4)OC5OC(C)C(O)C(O)C5O)C(O)C(O)C1O
S9113,Ononin,COC1=CC=C(C=C1)C2=COC3=C(C=CC(=C3)OC4OC(CO)C(O)C(O)C4O)C2=O
S9115,Wogonoside,COC1=C(OC2OC(C(O)C(O)C2O)C(O)=O)C=C(O)C3=C1OC(=CC3=O)C4=CC=CC=C4
S9120,Scutellarein,OC1=CC=C(C=C1)C2=CC(=O)C3=C(O2)C=C(O)C(=C3O)O
S9121,Irigenin,COC1=C(OC)C(=CC(=C1)C2=COC3=CC(=C(OC)C(=C3C2=O)O)O)O
S9122,Tectorigenin,COC1=C(O)C2=C(OC=C(C2=O)C3=CC=C(O)C=C3)C=C1O
S9125,Apigetrin,OCC1OC(OC2=CC3=C(C(=C2)O)C(=O)C=C(O3)C4=CC=C(O)C=C4)C(O)C(O)C1O
S9126,Schizandrol B,COC1=CC2=C(C(=C1OC)OC)C3=C(CC(C)C(C)(O)C2)C=C4OCOC4=C3OC
S9127,Carnosol,CC(C)C1=CC2=C(C(=C1O)O)C34CCCC(C)(C)C3CC2OC4=O
S9129,20(S)-Ginsenoside Rh1,CC(C)=CCCC(C)(O)C1CCC2(C)C1C(O)CC3C4(C)CCC(O)C(C)(C)C4C(CC23C)OC5OC(CO)C(O)C(O)C5O
S9134,Spinosin,COC1=CC2=C(C(=C1C3OC(CO)C(O)C(O)C3OC4OC(CO)C(O)C(O)C4O)O)C(=O)C=C(O2)C5=CC=C(O)C=C5
S9136,Neochlorogenic acid,OC1CC(O)(CC(OC(=O)\C=C\C2=CC=C(O)C(=C2)O)C1O)C(O)=O
S9139,5-Methyl-7-methoxyisoflavone,COC1=CC2=C(C(=C1)C)C(=O)C(=CO2)C3=CC=CC=C3
S9146,Anwuligan,COC1=C(O)C=CC(=C1)CC(C)C(C)CC2=CC3=C(OCO3)C=C2
S9152,Epiberberine,COC1=C(OC)C=C2C(=C1)CC[N+]3=C2C=C4C=CC5=C(OCO5)C4=C3
S9155,Aurantio-obtusin,COC1=C(O)C2=C(C=C1O)C(=O)C3=C(C2=O)C(=C(O)C(=C3)C)OC
S9163,Rhapontigenin,COC1=CC=C(/C=C/C2=CC(=CC(=C2)O)O)C=C1O
S9170,Engeletin,CC1OC(OC2C(OC3=C(C(=CC(=C3)O)O)C2=O)C4=CC=C(O)C=C4)C(O)C(O)C1O
S9172,Phellodendrine,COC1=C(O)C=C2C3CC4=C(C[N+]3(C)CCC2=C1)C=C(OC)C(=C4)O
S9173,Sec-O-Glucosylhamaudol,CC1=CC(=O)C2=C(O)C3=C(OC(C)(C)C(C3)OC4OC(CO)C(O)C(O)C4O)C=C2O1
S9174,Xanthotoxol,OC1=C2OC(=O)C=CC2=CC3=C1OC=C3
S9178,Sinapine thiocyanate,COC1=CC(=CC(=C1O)OC)/C=C/C(=O)OCC[N+](C)(C)C.[S-]C#N
S9180,Tussilagone,CC/C(C)=C/C(=O)OC1CC(C(C)C)C2C(CC(=O)C2C(C)OC(C)=O)C1=C
S9184,Forsythoside B,CC1OC(OC2C(O)C(OCCC3=CC=C(O)C(=C3)O)OC(COC4OCC(O)(CO)C4O)C2OC(=O)/C=C/C5=CC(=C(O)C=C5)O)C(O)C(O)C1O
S9189,Oroxin A,OCC1OC(OC2=CC3=C(C(=O)C=C(O3)C4=CC=CC=C4)C(=C2O)O)C(O)C(O)C1O
S9190,Oroxin B,OCC1OC(OCC2OC(OC3=C(O)C(=C4C(=O)C=C(OC4=C3)C5=CC=CC=C5)O)C(O)C(O)C2O)C(O)C(O)C1O
S9204,Oroxylin A,COC1=C(O)C2=C(OC(=CC2=O)C3=CC=CC=C3)C=C1O
S9205,Hydroxygenkwanin,COC1=CC2=C(C(=C1)O)C(=O)C=C(O2)C3=CC=C(O)C(=C3)O
S9211,Eriocitrin,CC1OC(OCC2OC(OC3=CC(=C4C(=O)CC(OC4=C3)C5=CC=C(O)C(=C5)O)O)C(O)C(O)C2O)C(O)C(O)C1O
S9217,Complanatuside,COC1=CC2=C(C(=C1)O)C(=O)C(=C(O2)C3=CC=C(OC4OC(CO)C(O)C(O)C4O)C=C3)OC5OC(CO)C(O)C(O)C5O
S9221,Ferulaldehyde,COC1=CC(=CC=C1O)\C=C\C=O
S9225,Santalol,CC(\CO)=C/CCC1(C)C2CCC(C2)C1=C
S9227,Sinensetin,COC1=CC=C(C=C1OC)C2=CC(=O)C3=C(O2)C=C(OC)C(=C3OC)OC
S9228,Schisandrin C,COC1=C2OCOC2=CC3=C1C4=C(CC(C)C(C)C3)C=C5OCOC5=C4OC
S9230,Vaccarin,OCC1OC(OC2=CC=C(C=C2)C3=CC(=O)C4=C(O)C(=C(O)C=C4O3)C5OC(CO)C(O)C(O)C5OC6OCC(O)C(O)C6O)C(O)C(O)C1O
S9231,Schisanhenol,COC1=C(OC)C(=C2C(=C1)CC(C)C(C)CC3=CC(=C(OC)C(=C23)OC)OC)O
S9234,Schaftoside,OCC1OC(C(O)C(O)C1O)C2=C(O)C3=C(OC(=CC3=O)C4=CC=C(O)C=C4)C(=C2O)C5OCC(O)C(O)C5O
S9240,Isofraxidin,COC1=CC2=C(OC(=O)C=C2)C(=C1O)OC
S9242,Narirutin,CC1OC(OCC2OC(OC3=CC(=C4C(=O)CC(OC4=C3)C5=CC=C(O)C=C5)O)C(O)C(O)C2O)C(O)C(O)C1O
S9243,Protosappanin B,OCC1(O)COC2=CC(=CC=C2C3=CC(=C(O)C=C3C1)O)O
S9250,Isosilybin,COC1=C(O)C=CC(=C1)C2OC3=C(OC2CO)C=C(C=C3)C4OC5=C(C(=CC(=C5)O)O)C(=O)C4O
S9255,Isoscopoletin,COC1=CC2=C(C=CC(=O)O2)C=C1O
S9256,Isobavachin,CC(C)=CCC1=C2OC(CC(=O)C2=CC=C1O)C3=CC=C(O)C=C3
S9259,Lithospermic acid,OC(=O)C(CC1=CC(=C(O)C=C1)O)OC(=O)/C=C/C2=CC=C(O)C3=C2C(C(O3)C4=CC(=C(O)C=C4)O)C(O)=O
S9260,Nodakenin,CC(C)(OC1OC(CO)C(O)C(O)C1O)C2CC3=CC4=C(OC(=O)C=C4)C=C3O2
S9267,Epimedin A,COC1=CC=C(C=C1)C2=C(OC3OC(C)C(O)C(O)C3OC4OC(CO)C(O)C(O)C4O)C(=O)C5=C(O)C=C(OC6OC(CO)C(O)C(O)C6O)C(=C5O2)CC=C(C)C
S9274,Isochlorogenic acid B,OC1CC(O)(CC(OC(=O)\C=C\C2=CC=C(O)C(=C2)O)C1OC(=O)\C=C\C3=CC=C(O)C(=C3)O)C(O)=O
S9280,Demethoxycurcumin,COC1=CC(=CC=C1O)\C=C\C(=O)CC(=O)\C=C\C2=CC=C(O)C=C2
S9282,Isochlorogenic acid A,OC1C(CC(O)(CC1OC(=O)\C=C\C2=CC=C(O)C(=C2)O)C(O)=O)OC(=O)\C=C\C3=CC(=C(O)C=C3)O
S9286,Neobavaisoflavone,CC(C)=CCC1=CC(=CC=C1O)C2=COC3=C(C=CC(=C3)O)C2=O
S9287,Genkwanin,COC1=CC2=C(C(=C1)O)C(=O)C=C(O2)C3=CC=C(O)C=C3
S9289,Astragalin,OCC1OC(OC2=C(OC3=C(C(=CC(=C3)O)O)C2=O)C4=CC=C(O)C=C4)C(O)C(O)C1O
S9293,Isoliquiritin,OCC1OC(OC2=CC=C(\C=C\C(=O)C3=C(O)C=C(O)C=C3)C=C2)C(O)C(O)C1O
S9297,Kirenol,CC1(CO)CC(O)CC2(C)C3CCC(C)(C=C3CCC12)C(O)CO
S9298,Corylin,CC1(C)OC2=CC=C(C=C2C=C1)C3=COC4=CC(=CC=C4C3=O)O
S9299,Ginsenoside F1,CC(C)=CCCC(C)(OC1OC(CO)C(O)C(O)C1O)C2CCC3(C)C2C(O)CC4C5(C)CCC(O)C(C)(C)C5C(O)CC34C
S9312,Cyanidin-3-O-glucoside chloride,[Cl-].OCC1OC(OC2=C([O+]=C3C=C(O)C=C(O)C3=C2)C4=CC(=C(O)C=C4)O)C(O)C(O)C1O
S9315,Praeruptorin A,C\C=C(C)/C(=O)OC1C(OC(C)=O)C2=C(OC1(C)C)C=CC3=C2OC(=O)C=C3
S9318,(20R)-Ginsenoside Rh1,CC(C)=CCCC(C)(O)C1CCC2(C)C1C(O)CC3C4(C)CCC(O)C(C)(C)C4C(CC23C)OC5OC(CO)C(O)C(O)C5O
S9319,Cryptochlorogenic acid,OC1CC(O)(CC(O)C1OC(=O)\C=C\C2=CC=C(O)C(=C2)O)C(O)=O
S9322,Neodiosmin,COC1=CC=C(C=C1O)C2=CC(=O)C3=C(O2)C=C(OC4OC(CO)C(O)C(O)C4OC5OC(C)C(O)C(O)C5O)C=C3O
S9328,"5,6,7-Trimethoxyflavone",COC1=CC2=C(C(=O)C=C(O2)C3=CC=CC=C3)C(=C1OC)OC
S9329,Orcinol,CC1=CC(=CC(=C1)O)O
S9338,Octyl gallate,CCCCCCCCOC(=O)C1=CC(=C(O)C(=C1)O)O
S9355,"2,4'-Dihydroxybenzophenone",OC1=CC=C(C=C1)C(=O)C2=CC=CC=C2O
S9375,2'-Hydroxyacetophenone,CC(=O)C1=CC=CC=C1O
S9378,"4',5-Dihydroxyflavone",OC1=CC=C(C=C1)C2=CC(=O)C3=C(O2)C=CC=C3O
S9380,"5,7-Dihydroxy-4-methylcoumarin",CC1=CC(=O)OC2=C1C(=CC(=C2)O)O
S9384,Sophocarpine Monohydrate,O.O=C1C=CCC2C3CCCN4CCCC(CN12)C34
S9387,Maackiain,OC1=CC2=C(C=C1)C3OC4=C(C=C5OCOC5=C4)C3CO2
S9397,Alliin,NC(C[S](=O)CC=C)C(O)=O
S9399,"1,2,3,4,6-O-Pentagalloylglucose",OC1=C(O)C(=CC(=C1)C(=O)OCC2OC(OC(=O)C3=CC(=C(O)C(=C3)O)O)C(OC(=O)C4=CC(=C(O)C(=C4)O)O)C(OC(=O)C5=CC(=C(O)C(=C5)O)O)C2OC(=O)C6=CC(=C(O)C(=C6)O)O)O
S9401,"3,6'-Disinapoyl sucrose",COC1=CC(=CC(=C1O)OC)\C=C\C(=O)OCC2OC(OC3(CO)OC(CO)C(O)C3OC(=O)/C=C/C4=CC(=C(O)C(=C4)OC)OC)C(O)C(O)C2O
S9402,(20R)-Protopanaxadiol,CC(C)=CCCC(C)(O)C1CCC2(C)C1C(O)CC3C4(C)CCC(O)C(C)(C)C4CCC23C
S9403,Ecliptasaponin A,CC1(C)CCC2(C(O)CC3(C)C(=CCC4C5(C)CCC(OC6OC(CO)C(O)C(O)C6O)C(C)(C)C5CCC34C)C2C1)C(O)=O
S9406,Sauchinone,CC1CC2C3C(C1C)C4=C(OC35OCOC5=CC2=O)C=C6OCOC6=C4
S9407,Angoroside C,COC1=CC=C(CCOC2OC(COC3OCC(O)C(O)C3O)C(OC(=O)/C=C/C4=CC=C(O)C(=C4)OC)C(OC5OC(C)C(O)C(O)C5O)C2O)C=C1O
S9409,Kavain,COC1=CC(=O)OC(C1)\C=C\C2=CC=CC=C2
S9411,Liensinine,COC1=CC2=C(C=C1OC)C(CC3=CC=C(O)C(=C3)OC4=CC5=C(CCN(C)C5CC6=CC=C(O)C=C6)C=C4OC)N(C)CC2
S9412,Flavokawain B,COC1=CC(=C(C(=C1)O)C(=O)\C=C\C2=CC=CC=C2)OC
S9417,Homoplantaginin,COC1=C(OC2OC(CO)C(O)C(O)C2O)C=C3OC(=CC(=O)C3=C1O)C4=CC=C(O)C=C4
S9418,Parishin B,OCC1OC(OC2=CC=C(COC(=O)CC(O)(CC(O)=O)C(=O)OCC3=CC=C(OC4OC(CO)C(O)C(O)C4O)C=C3)C=C2)C(O)C(O)C1O
S9421,Demethylnobiletin,COC1=CC=C(C=C1OC)C2=CC(=O)C3=C(O2)C(=C(OC)C(=C3O)OC)OC
S9423,Narcissoside,COC1=C(O)C=CC(=C1)C2=C(OC3OC(COC4OC(C)C(O)C(O)C4O)C(O)C(O)C3O)C(=O)C5=C(O)C=C(O)C=C5O2
S9425,Trifolirhizin,OCC1OC(OC2=CC3=C(C=C2)C4OC5=C(C=C6OCOC6=C5)C4CO3)C(O)C(O)C1O
S9428,Brazilin,OC1=CC2=C(C=C1)C3C4=CC(=C(O)C=C4CC3(O)CO2)O
S9432,Ginkgolic Acid,CCCCCC\C=C/CCCCCCCC1=CC=CC(=C1C(O)=O)O
S9434,8-Gingerol,CCCCCCCC(O)CC(=O)CCC1=CC=C(O)C(=C1)OC
S9437,Echinatin,COC1=CC(=CC=C1\C=C\C(=O)C2=CC=C(O)C=C2)O
S9438,Isosakuranetin,COC1=CC=C(C=C1)C2CC(=O)C3=C(O2)C=C(O)C=C3O
S9440,Naringenin chalcone,OC1=CC=C(C=C1)/C=C/C(=O)C2=C(O)C=C(O)C=C2O
S9441,Sibiricose A5,COC1=CC(=CC=C1O)/C=C/C(=O)OC2C(O)C(CO)OC2(CO)OC3OC(CO)C(O)C(O)C3O
S9442,Bergaptol,OC1=C2C=COC2=CC3=C1C=CC(=O)O3
S9443,Schisantherin B,COC1=C(OC)C(=C2C(=C1)C(OC(=O)\C(C)=C/C)C(C)(O)C(C)CC3=C2C(=C4OCOC4=C3)OC)OC
S9445,Ginkgolic Acid (C13:0),CCCCCCCCCCCCCC1=CC=CC(=C1C(O)=O)O
S9455,Isorhamnetin 3-O-neohesperoside,COC1=CC(=CC=C1O)C2=C(OC3OC(CO)C(O)C(O)C3OC4OC(C)C(O)C(O)C4O)C(=O)C5=C(O2)C=C(O)C=C5O
S9473,Nuzhenide,COC(=O)C1=COC(OC2OC(CO)C(O)C(O)C2O)\C(=C\C)C1CC(=O)OCC3OC(OCCC4=CC=C(O)C=C4)C(O)C(O)C3O
S9479,Complanatoside A,OCC1OC(OC2=C(O)C=C(C=C2O)C3=C(OC4OC(CO)C(O)C(O)C4O)C(=O)C5=C(O)C=C(O)C=C5O3)C(O)C(O)C1O
S9487,Praeruptorin C,C\C=C(C)/C(=O)OC1C(OC(=O)CC(C)C)C2=C(OC1(C)C)C=CC3=C2OC(=O)C=C3
S9491,(+)-Guaiacin,COC1=C(O)C=CC(=C1)C2C(C)C(C)CC3=C2C=C(O)C(=C3)OC
S9502,Madecassic acid,CC1CCC2(CCC3(C)C(=CCC4C5(C)CC(O)C(O)C(C)(CO)C5C(O)CC34C)C2C1C)C(O)=O
S9503,Fraxetin,COC1=CC2=C(OC(=O)C=C2)C(=C1O)O
S9514,Rotundic acid,CC1CCC2(CCC3(C)C(=CCC4C5(C)CCC(O)C(C)(CO)C5CCC34C)C2C1(C)O)C(O)=O
S9552,Farrerol,CC1=C(O)C2=C(OC(CC2=O)C3=CC=C(O)C=C3)C(=C1O)C
S9557,Isobergapten,COC1=C2C=CC(=O)OC2=C3C=COC3=C1
S6648,PF-06282999,COC1=C(C=C(Cl)C=C1)C2=CC(=O)NC(=S)N2CC(N)=O
S6714,INH14,CCC1=CC=C(NC(=O)NC2=CC=CC=C2)C=C1
S8901,Taletrectinib (DS-6051b),CC(N)COC1=CC=C(C=C1)C2=CN=C3C=CC(=N[N]23)NC(C)C4=CC(=CC=C4)F.OC(=O)CCCCC(O)=O
S9024,3-O-Acetyl-11-keto-¦Â-boswellic acid (AKBA),CC1CCC2(C)CCC3(C)C(=CC(=O)C4C5(C)CCC(OC(C)=O)C(C)(C5CCC34C)C(O)=O)C2C1C
S9050,Boldine,COC1=C(O)C=C2CC3N(C)CCC4=CC(=C(OC)C(=C34)C2=C1)O
S9053,Irisflorentin,COC1=CC(=CC(=C1OC)OC)C2=COC3=CC4=C(OCO4)C(=C3C2=O)OC
S9102,Magnolin,COC1=C(OC)C=C(C=C1)C2OCC3C2COC3C4=CC(=C(OC)C(=C4)OC)OC
S9110,Morin,OC1=CC(=C(C=C1)C2=C(O)C(=O)C3=C(O2)C=C(O)C=C3O)O
S9111,Isorhamnetin,COC1=C(O)C=CC(=C1)C2=C(O)C(=O)C3=C(O2)C=C(O)C=C3O
S9123,Eriodictyol,OC1=CC2=C(C(=O)CC(O2)C3=CC(=C(O)C=C3)O)C(=C1)O
S9183,Ruscogenin,CC1CCC2(OC1)OC3CC4C5CC=C6CC(O)CC(O)C6(C)C5CCC4(C)C3C2C
S9192,Vitexin,OCC1OC(C(O)C(O)C1O)C2=C(O)C=C(O)C3=C2OC(=CC3=O)C4=CC=C(O)C=C4
S9248,Homoorientin,OCC1OC(C(O)C(O)C1O)C2=C(O)C3=C(OC(=CC3=O)C4=CC(=C(O)C=C4)O)C=C2O
S9270,Dracohodin perochlorate,COC1=C(C)C(=CC2=C1C=CC(=[O+]2)C3=CC=CC=C3)O.[O-][Cl](=O)(=O)=O
S9285,Fargesin,COC1=CC=C(C=C1OC)C2OCC3C2COC3C4=CC5=C(OCO5)C=C4
S9288,Casticin,COC1=C(O)C=C(C=C1)C2=C(OC)C(=O)C3=C(O2)C=C(OC)C(=C3O)OC
S9294,Gelsemine,CN1CC2(C=C)C3CC4OCC3C1C2C45C(=O)NC6=CC=CC=C56
S6647,Bardoxolone,CC1(C)CCC2(CCC3(C)C(C2C1)C(=O)C=C4C5(C)C=C(C#N)C(=O)C(C)(C)C5CCC34C)C(O)=O
S9096,ligustroflavone,CC1OC(OCC2OC(OC3=CC(=C4C(=O)C=C(OC4=C3)C5=CC=C(O)C=C5)O)C(OC6OC(C)C(O)C(O)C6O)C(O)C2O)C(O)C(O)C1O
S9131,Punicalagin,OC1COC(=O)C2=CC(=C(O)C(=C2C3=C4C(=O)OC5=C(O)C(=C(C6=C5C4=C(OC6=O)C(=C3O)O)C7=C(C=C(O)C(=C7O)O)C(=O)OC1C8OC(=O)C9=CC(=C(O)C(=C9C%10=C(C=C(O)C(=C%10O)O)C(=O)OC8C=O)O)O)O)O)O
S9215,Pinoresinol diglucoside,COC1=CC(=CC=C1OC2OC(CO)C(O)C(O)C2O)C3OCC4C3COC4C5=CC=C(OC6OC(CO)C(O)C(O)C6O)C(=C5)OC
S9235,Didymin,COC1=CC=C(C=C1)C2CC(=O)C3=C(O2)C=C(OC4OC(COC5OC(C)C(O)C(O)C5O)C(O)C(O)C4O)C=C3O
S9290,Linarin,COC1=CC=C(C=C1)C2=CC(=O)C3=C(O)C=C(OC4OC(COC5OC(C)C(O)C(O)C5O)C(O)C(O)C4O)C=C3O2
S0788,ML 210,CC1=C(C(=NO1)C(=O)N2CCN(CC2)C(C3=CC=C(Cl)C=C3)C4=CC=C(Cl)C=C4)[N+]([O-])=O
S6790,Ellipticine hydrochloride,Cl.CC1=C2C=CN=CC2=C(C)C3=C1[NH]C4=CC=CC=C34
S8953,ASP4132,COC1=NC=C(CN2CCC(CC2)C3=CC=C4[NH]C(=NC4=C3)C(=O)N5CCN(CC5)CC6=CC=C(C=C6)C(F)(F)F)C=C1.CC7=CC=C(C=C7)[S](O)(=O)=O.CC8=CC=C(C=C8)[S](O)(=O)=O
S0018,Verdiperstat,CC(C)OCCN1C(=S)NC(=O)C2=C1C=C[NH]2
S0507,CBL0137,CC(C)NCC[N]1C2=C(C=C(C=C2)C(C)=O)C3=C1C=CC(=C3)C(C)=O
S0924,Pteryxin,C\C=C(C)/C(=O)OC1C(OC(C)=O)C(C)(C)OC2=C1C3=C(C=CC(=O)O3)C=C2
S3205,Perillaldehyde,CC(=C)C1CCC(=CC1)C=O
S3220,Trigonelline,C[N+]1=CC(=CC=C1)C([O-])=O
S3222,Raspberry ketone glucoside,CC(=O)CCC1=CC=C(OC2OC(CO)C(O)C(O)C2O)C=C1
S3235,Sinapine,COC1=C(O)C(=CC(=C1)\C=C\C(=O)OCC[N+](C)(C)C)OC
S3241,Loureirin A,COC1=CC=C(CCC(=O)C2=CC=C(O)C=C2)C(=C1)OC
S3242,Loureirin B,COC1=CC(=C(CCC(=O)C2=CC=C(O)C=C2)C(=C1)OC)OC
S3245,Nodakenetin,CC(C)(O)C1CC2=C(O1)C=C3OC(=O)C=CC3=C2
S3247,Icariside I,COC1=CC=C(C=C1)C2=C(O)C(=O)C3=C(O2)C(=C(OC4OC(CO)C(O)C(O)C4O)C=C3O)CC=C(C)C
S3254,Plantagoside,OCC1OC(OC2=CC(=CC(=C2O)O)C3CC(=O)C4=C(O)C=C(O)C=C4O3)C(O)C(O)C1O
S3255,Pectolinarigenin,COC1=CC=C(C=C1)C2=CC(=O)C3=C(O)C(=C(O)C=C3O2)OC
S3256,Tectochrysin,COC1=CC(=C2C(=O)C=C(OC2=C1)C3=CC=CC=C3)O
S3260,3'-hydroxy Puerarin,OCC1OC(C(O)C(O)C1O)C2=C(O)C=CC3=C2OC=C(C3=O)C4=CC(=C(O)C=C4)O
S3261,Myrislignan,COC1=C(O)C=CC(=C1)C(O)C(C)OC2=C(OC)C=C(CC=C)C=C2OC
S3262,Scopolin,COC1=CC2=C(OC(=O)C=C2)C=C1OC3OC(CO)C(O)C(O)C3O
S3265,9''-Methyl salvianolate B,COC(=O)C(CC1=CC(=C(O)C=C1)O)OC(=O)/C=C/C2=C3C(C(OC3=C(O)C=C2)C4=CC(=C(O)C=C4)O)C(=O)OC(CC5=CC(=C(O)C=C5)O)C(O)=O
S3267,Kaempferol-3-O-rutinoside,CC1OC(OCC2OC(OC3=C(OC4=C(C(=CC(=C4)O)O)C3=O)C5=CC=C(O)C=C5)C(O)C(O)C2O)C(O)C(O)C1O
S3270,Genipin 1-O-beta-D-gentiobioside,COC(=O)C1=COC(OC2OC(COC3OC(CO)C(O)C(O)C3O)C(O)C(O)C2O)C4C1CC=C4CO
S3274,Glucosyl-vitexin,OCC1OC(OC2C(O)C(O)C(CO)OC2OC3=C4OC(=CC(=O)C4=C(O)C=C3O)C5=CC=C(O)C=C5)C(O)C(O)C1O
S3275,Senkyunolide I,CCC\C=C1/OC(=O)C2=C1CCC(O)C2O
S3278,Kaempferol-3-O-neohesperidoside,CC1OC(OC2C(O)C(O)C(CO)OC2OC3=C(OC4=CC(=CC(=C4C3=O)O)O)C5=CC=C(O)C=C5)C(O)C(O)C1O
S3280,Linderene,CC1=COC2=C1C(O)C3C(=C)C4CC4C3(C)C2
S3281,Quercetin 3-O-¦Â-D-glucose-7-O-¦Â-D-gentiobioside,OCC1OC(OCC2OC(OC3=CC(=C4C(=O)C(=C(OC4=C3)C5=CC(=C(O)C=C5)O)OC6OC(CO)C(O)C(O)C6O)O)C(O)C(O)C2O)C(O)C(O)C1O
S3283,Marmesin,CC(C)(O)C1CC2=CC3=C(OC(=O)C=C3)C=C2O1
S3284,Tracheloside,COC1=CC=C(CC2COC(=O)C2(O)CC3=CC(=C(OC4OC(CO)C(O)C(O)C4O)C=C3)OC)C=C1OC
S3295,Taxifolin 7-rhamnoside,CC1OC(OC2=CC(=C3C(=O)C(O)C(OC3=C2)C4=CC(=C(O)C=C4)O)O)C(O)C(O)C1O
S3296,Hispidulin,COC1=C(O)C=C2OC(=CC(=O)C2=C1O)C3=CC=C(O)C=C3
S3298,Caulophylline (N-Methylcytisine),CN1CC2CC(C1)C3=CC=CC(=O)N3C2
S3300,Desoxyrhaponticin,COC1=CC=C(C=C1)/C=C/C2=CC(=CC(=C2)O)OC3OC(CO)C(O)C(O)C3O
S3301,Cynarin,OC1CC(CC(OC(=O)/C=C/C2=CC=C(O)C(=C2)O)C1O)(OC(=O)\C=C\C3=CC=C(O)C(=C3)O)C(O)=O
S3307,Galangin 3-methyl ether,COC1=C(OC2=C(C(=CC(=C2)O)O)C1=O)C3=CC=CC=C3
S3308,Caftaric acid,OC(C(OC(=O)/C=C/C1=CC(=C(O)C=C1)O)C(O)=O)C(O)=O
S6852,Gossypol,CC(C)C1=C(O)C(=C(C=O)C2=C1C=C(C)C(=C2O)C3=C(O)C4=C(C=C3C)C(=C(O)C(=C4C=O)O)C(C)C)O
S6889,Monomethyl Fumarate,COC(=O)\C=C\C(O)=O
S8978,Mitoquinone (MitoQ10) mesylate,COC1=C(OC)C(=O)C(=C(C)C1=O)CCCCCCCCCC[P+](C2=CC=CC=C2)(C3=CC=CC=C3)C4=CC=CC=C4.C[S]([O-])(=O)=O
S9604,IM156,FC(F)(F)OC1=CC=C(NC(=N)NC(=N)N2CCCC2)C=C1
S9611,ABTL-0812,CCCCC\C=C/C\C=C/CCCCCCC(O)C(O)=O
S9687,H2DCFDA,CC(=O)OC1=CC2=C(C=C1Cl)C(C3=C(O2)C=C(OC(C)=O)C(=C3)Cl)C4=C(C=CC=C4)C(O)=O
S0267,TRi-1,COC1=NC(=C(C=C1)[N+]([O-])=O)[S](=O)(=O)C2=CC=C(Cl)C=C2
S0411,BAM 15,FC1=CC=CC=C1NC2=NC3=NON=C3N=C2NC4=CC=CC=C4F
S0454,Adjudin,NNC(=O)C1=N[N](CC2=C(Cl)C=C(Cl)C=C2)C3=CC=CC=C13
S0539,BTZO-1,O=C1N=C(SC2=CC=CC=C12)C3=CC=CC=N3
S0781,IQ 3,O=C(O\N=C1/C2=CC=CC=C2C3=NC4=CC=CC=C4N=C13)C5=CC=CO5
S0795,O-304,ClC1=CC=C(CN2SC(=NC2=O)NC(=O)C3=CC=C(Cl)C=C3)C=C1
S0913,"4',5,7-Trimethoxyflavone",COC1=CC=C(C=C1)C2=CC(=O)C3=C(O2)C=C(OC)C=C3OC
S1273,Amarogentin,OCC1OC(OC2OC=C3C(CCOC3=O)C2C=C)C(OC(=O)C4=C(O)C=C(O)C=C4C5=CC=CC(=C5)O)C(O)C1O
S1321,Urolithin B,OC1=CC2=C(C=C1)C3=CC=CC=C3C(=O)O2
S1323,7-Methoxyisoflavone,COC1=CC2=C(C=C1)C(=O)C(=CO2)C3=CC=CC=C3
S2942,EB-3D,[Br-].[Br-].CN(C)C1=CC=[N+](CC2=CC=C(OCCOC3=CC=C(C[N+]4=CC=C(C=C4)N(C)C)C=C3)C=C2)C=C1
S2997,DL-Tartaric acid,OC(C(O)C(O)=O)C(O)=O
S2999,Acetic acid octyl ester,CCCCCCCCOC(C)=O
S3009,Menthone,CC(C)C1CCC(C)CC1=O
S3087,N-Acetyl-DL-methionine,CSCCC(NC(C)=O)C(O)=O
S3313,Nudifloric Acid,CN1C=C(C=CC1=O)C(O)=O
S3341,Palmitoleic acid,CCCCCC\C=C/CCCCCCCC(O)=O
S3357,Elaidic acid,CCCCCCCC\C=C\CCCCCCCC(O)=O
S3743,Oxiglutatione,NC(CCC(=O)NC(CSSCC(NC(=O)CCC(N)C(O)=O)C(=O)NCC(O)=O)C(=O)NCC(O)=O)C(O)=O
S5645,Hemin,CC1=C(CCC(O)=O)C\2=N\C1=C/C3=C(C=C)C(=C4\C=C5/N=C(/C=C6\N([Fe](Cl)[N]34)\C(=C2)C(=C6C)CCC(O)=O)C(=C5C=C)C)C
S9157,Neoandrographolide,CC1(CCCC2(C)C(CCC3=CCOC3=O)C(=C)CCC12)COC4OC(CO)C(O)C(O)C4O
S9161,Ziyuglycoside II,CC1CCC2(CCC3(C)C(=CCC4C5(C)CCC(OC6OCC(O)C(O)C6O)C(C)(C)C5CCC34C)C2C1(C)O)C(O)=O
S9165,Poncirin,COC1=CC=C(C=C1)C2CC(=O)C3=C(O2)C=C(OC4OC(CO)C(O)C(O)C4OC5OC(C)C(O)C(O)C5O)C=C3O
S9232,Crocin II,CC(=C/C=C/C=C(C)/C=C/C=C(C)/C(=O)OC1OC(COC2OC(CO)C(O)C(O)C2O)C(O)C(O)C1O)\C=C\C=C(C)\C(=O)OC3OC(CO)C(O)C(O)C3O
S9247,Isoliensinine,COC1=CC=C(CC2N(C)CCC3=C2C=C(OC4=C(O)C=CC(=C4)CC5N(C)CCC6=C5C=C(O)C(=C6)OC)C(=C3)OC)C=C1
S9268,Epmedin B,COC1=CC=C(C=C1)C2=C(OC3OC(C)C(O)C(O)C3OC4OCC(O)C(O)C4O)C(=O)C5=C(O2)C(=C(OC6OC(CO)C(O)C(O)C6O)C=C5O)CC=C(C)C
S9269,Epmedin C,COC1=CC=C(C=C1)C2=C(OC3OC(C)C(O)C(O)C3OC4OC(C)C(O)C(O)C4O)C(=O)C5=C(O2)C(=C(OC6OC(CO)C(O)C(O)C6O)C=C5O)CC=C(C)C
S9273,Timosaponin BII,CC(CCC1(O)OC2CC3C4CCC5CC(CCC5(C)C4CCC3(C)C2C1C)OC6OC(CO)C(O)C(O)C6OC7OC(CO)C(O)C(O)C7O)COC8OC(CO)C(O)C(O)C8O
S9296,Fraxin,COC1=CC2=C(OC(=O)C=C2)C(=C1O)OC3OC(CO)C(O)C(O)C3O
S9396,Geraniin,OC1=CC(=CC(=C1O)O)C(=O)OC2OC3COC(=O)C4=CC(=C(O)C(=C4C5=C(C=C(O)C(=C5O)O)C(=O)OC6C3OC(=O)C7=CC(=O)C8(O)OC9=C(O)C(=CC(=C9C7C8(O)O)C(=O)OC26)O)O)O
S9698,Ezatiostat,CCOC(=O)C(N)CCC(=O)NC(CSCC1=CC=CC=C1)C(=O)NC(C(=O)OCC)C2=CC=CC=C2.OC(=O)C(F)(F)F
S0316,MPO-IN-28,COC1=CC2=NC(=NC(=C2C=C1)C)N=C(N)N
S2995,4-Hydroxyphenylpyruvic acid,OC(=O)C(=O)CC1=CC=C(O)C=C1
S3168,cis-Resveratrol,OC1=CC=C(C=C1)\C=C/C2=CC(=CC(=C2)O)O
S4419,Ensulizole,O[S](=O)(=O)C1=CC2=C(C=C1)N=C([NH]2)C3=CC=CC=C3
S4425,Rifamycin S,COC1\C=C\OC2(C)OC3=C(C2=O)C4=C(C(=C3C)O)C(=O)C(=CC4=O)NC(=O)\C(=C/C=C/C(C)C(O)C(C)C(O)C(C)C(OC(C)=O)C1C)C
S4452,ML162,COC1=C(Cl)C=C(C=C1)N(C(C(=O)NCCC2=CC=CC=C2)C3=CC=CS3)C(=O)CCl
S4611,TCEP Hydrochloride,Cl.OC(=O)CCP(CCC(O)=O)CCC(O)=O
S5958,Metformin,CN(C)C(=N)NC(N)=N
S5977,"3-Amino-1,2,4-triazole",NC1=NC=N[NH]1
S9723,CDDO-Im,CC1(C)CCC2(CCC3(C)C(C2C1)C(=O)C=C4C5(C)C=C(C#N)C(=O)C(C)(C)C5CCC34C)C(=O)[N]6C=CN=C6
S9783,6-Aminonicotinamide,NC(=O)C1=CC=C(N)N=C1
S3384,(E/Z)-IT-603,COC1=CC(=CC(=C1O)/C=C2/NC(=S)NC2=O)Br
S4460,IMM-H007,CC(=O)OCC1OC(C(OC(C)=O)C1OC(C)=O)[N]2C=NC3=C(NC4=CC=CC(=C4)O)N=CN=C23
S5899,(R)-(-)-Ibuprofen,CC(C)CC1=CC=C(C=C1)C(C)C(O)=O
S6239,PMX-53,CC(=O)NC(CC1=CC=CC=C1)C(=O)NC2CCCNC(=O)C(CCCN=C(N)N)NC(=O)C(CC3=C[NH]C4=CC=CC=C34)NC(=O)C(CC5CCCCC5)NC(=O)C6CCCN6C2=O
S6347,5'-N-Ethylcarboxamidoadenosine (NECA),CCNC(=O)C1OC(C(O)C1O)[N]2C=NC3=C(N)N=CN=C23
S9729,Visomitin (SKQ1),[Br-].CC1=C(C)C(=O)C(=CC1=O)CCCCCCCCCC[P+](C2=CC=CC=C2)(C3=CC=CC=C3)C4=CC=CC=C4
S9733,Mito-TEMPO,[Cl-].CC1(C)CC(CC(C)(C)N1[O])NC(=O)C[P+](C2=CC=CC=C2)(C3=CC=CC=C3)C4=CC=CC=C4
S9860,BC1618,OC(COC1=CC=C(C=C1)C(F)(F)F)CN(CC2=CC=CC=C2)CC3=CC=CC=C3
S9874,4-Aminobenzohydrazide,NNC(=O)C1=CC=C(N)C=C1
E0018,Triheptanoin,CCCCCCC(=O)OCC(COC(=O)CCCCCC)OC(=O)CCCCCC
E0020,Lupenone,CC(=C)C1CCC2(C)CCC3(C)C(CCC4C5(C)CCC(=O)C(C)(C)C5CCC34C)C12
E0022,Ophiopogonin D,CC1CCC2(OC1)OC3CC4C5CC=C6CC(O)CC(OC7OC(C)C(O)C(OC8OCC(O)C(O)C8O)C7OC9OC(C)C(O)C(O)C9O)C6(C)C5CCC4(C)C3C2C
E0025,2-Hydroxybenzylamine,NCC1=CC=CC=C1O
S9793,4-Hydroxynonenal,CCCCCC(O)\C=C\C=O
S9925,Imeglimin (EMD 387008) Hydrochloride,Cl.CC1N=C(N)NC(=N1)N(C)C
E0023,"5,7-Dihydroxychromone",OC1=CC(=C2C(=O)C=COC2=C1)O
E0092,KEA1-97,FC1=CC=C(C=C1)C2=CC=C(NC3=NC(=NC(=N3)Cl)Cl)C=C2
E0129,Oxysophocarpine,[O-][N+]12CCCC3CN4C(CC=CC4=O)C(CCC1)C23
E0130,Apigenin-7-O-glucuronide,OC1C(O)C(OC(C1O)C(O)=O)OC2=CC(=C3C(=O)C=C(OC3=C2)C4=CC=C(O)C=C4)O
E0131,Luteolin-7-O-glucuronide,OC1C(O)C(OC(C1O)C(O)=O)OC2=CC(=C3C(=O)C=C(OC3=C2)C4=CC(=C(O)C=C4)O)O
E1031,MK-8722,OC1COC2C(COC12)OC3=NC4=NC(=C(Cl)C=C4[NH]3)C5=CC=C(C=C5)C6=CC=CC=C6
S0418,Ezutromid,CC[S;v6](=O)(=O)C1=CC=C2OC(=NC2=C1)C3=CC4=C(C=CC=C4)C=C3
S0770,Camalexin,[NH]1C=C(C2=NC=CS2)C3=C1C=CC=C3
S0844,NDMC101,OC1=C(C=CC=C1)C(=O)NC2=C(F)C=C(Cl)C=C2
S0888,Rsva 405,CCN(CC)C1=CC=C(/C=N/NC(=O)C2=CC=NC=C2)C(=C1)O
S9833,BAY-3827,CCC1=CC=CC=C1C(=O)NC2=N[NH]C3=C2C=C(C4C(=C(C)N(C)C(=C4C#N)C)C#N)C(=C3C)F
E0211,Dihydroberberine,COC1=CC=C2C=C3N(CCC4=C3C=C5OCOC5=C4)CC2=C1OC
E0459,Robinetin,OC1=CC=C2C(=O)C(=C(OC2=C1)C3=CC(=C(O)C(=C3)O)O)O
E0471,Alkyne tyramide,OC1=CC=C(CCNC(=O)CCC#C)C=C1
E0487,SP-8356,COC1=C(O)C(=CC(=C1)/C=C/C2=CC(=O)C3CC2C3(C)C)O
E0526,sappanone A,OC1=CC=C2C(=O)C(/COC2=C1)=C/C3=CC=C(O)C(=C3)O
E0650,¦Ă-Terpinene,CC(C)C1=CCC(=CC1)C
E0653,Trans-ferulic acid,COC1=C(O)C=CC(=C1)\C=C\C(O)=O
E0671,Deacetylasperulosidic acid,OCC1OC(OC2OC=C(C3C(O)C=C(CO)C23)C(O)=O)C(O)C(O)C1O
E0783,SM-7368,[O-][N+](=O)C1=CN=C(NC(=O)C2=CC=C(C(=C2)Cl)[N+]([O-])=O)S1
E0785,YS-49,Br.OC1=CC2=C(C=C1O)C(CC3=C4C=CC=CC4=CC=C3)NCC2
E0796,NF-¦ĘB-IN-1,COC1=CC(=CC=C1O)/C=C(C(=O)\C=C\C2=CC=C(OC)C(=C2)OC)/C(=O)/C=C/C3=CC=C(OC)C(=C3)OC
E0812,CXD101,C[N]1C=C(CN2CCC(CC2)C3=CC=C(C=C3)C(=O)NC4=CC=CC=C4N)C(=N1)C
E0944,IMD-0560,OC1=CC=C(Br)C=C1C(=O)NC2=CC(=CC=C2C(F)(F)F)C(F)(F)F
E1080,HG106,COC1=CC=C(C=C1)[N]2N=C3C=CC(=CC3=N2)NC(=O)CCl
E1281,Dimethyl itaconate,COC(=O)CC(=C)C(=O)OC
E2203,DMU-212,COC1=CC=C(C=C1)/C=C/C2=CC(=C(OC)C(=C2)OC)OC
E2548,N-(p-Coumaroyl) Serotonin,
E2661,Chitosan oligosaccharide,NC1C(O)OC(CO)C(OC2OC(CO)C(O)C(O)C2N)C1O
E2832,LCS-1,CC1=CC(=CC=C1)N2N=CC(=C(Cl)C2=O)Cl
S0947,Cafestol,CC12CCC3=C(C=CO3)C1CCC45CC(CCC24)C(O)(CO)C5
S3290,Procyanidin B2,OC1CC2=C(OC1C3=CC(=C(O)C=C3)O)C(=C(O)C=C2O)C4C(O)C(OC5=CC(=CC(=C45)O)O)C6=CC(=C(O)C=C6)O
S7428,Rocaglamide,COC1=CC=C(C=C1)C23OC4=C(C(=CC(=C4)OC)OC)C2(O)C(O)C(C3C5=CC=CC=C5)C(=O)N(C)C
S8587,Withaferin A,CC(C1CC(=C(CO)C(=O)O1)C)C2CCC3C4CC5OC56C(O)C=CC(=O)C6(C)C4CCC23C
S9213,Jujuboside A,CC1OC(OC2C(OCC(O)C2OC3OC(COC4OC(CO)C(O)C(O)C4O)C(O)C(O)C3OC5OCC(O)C(O)C5O)OC6CCC7(C)C(CCC8(C)C7CCC9C%10C(C)(O)CC(OC%10%11CC89CO%11)C=C(C)C)C6(C)C)C(O)C(O)C1O
E2748,EGCG Octaacetate,CC(=O)OC1=CC2=C(CC(OC(=O)C3=CC(=C(OC(C)=O)C(=C3)OC(C)=O)OC(C)=O)C(O2)C4=CC(=C(OC(C)=O)C(=C4)OC(C)=O)OC(C)=O)C(=C1)OC(C)=O
S0177,XMD-17-51,CN1C(=O)C2=CC=CC=C2N(C)C3=NC(=NC=C13)NC4=C[N](N=C4)C5CCNCC5
S6671,SN50,CSCCC(NC(=O)C(CC(C)C)NC(=O)C(CCCCN)NC(=O)C(CCC(N)=O)NC(=O)C(CCCNC(N)=N)NC(=O)C(CCCCN)NC(=O)C(CCCNC(N)=N)NC(=O)C(CCC(N)=O)NC(=O)C(NC(=O)C1CCCN1C(=O)C(C)NC(=O)C(CC(C)C)NC(=O)C(CC(C)C)NC(=O)C(C)NC(=O)C(CC(C)C)NC(=O)C(CC(C)C)NC(=O)C(NC(=O)C(C)NC(=O)C2CCCN2C(=O)C(CC(C)C)NC(=O)C(CC(C)C)NC(=O)C(C)NC(=O)C(NC(=O)C(C)NC(=O)C(C)N)C(C)C)C(C)C)C(C)C)C(=O)N3CCCC3C(O)=O
S7956,Brusatol,COC(=O)C12OCC34C(CC5C(=C(O)C(=O)CC5(C)C3C(O)C1O)C)OC(=O)C(OC(=O)C=C(C)C)C24
E0184,2-Mercaptobenzothiazole,S=C1NC2=CC=CC=C2S1
E0250,Artemitin,COC1=C(OC)C=C(C=C1)C2=C(OC)C(=O)C3=C(O)C(=C(OC)C=C3O2)OC
E1244,FINO2,CC(C)(C)C1CCC2(CC1)CC(C)(CCO)OO2
E2178,IM-54,CCCCCNC1=C(C(=O)N(C)C1=O)C2=C[N](C)C3=CC=CC=C23
S4684,Sildenafil,CCCC1=N[N](C)C2=C1N=C(NC2=O)C3=CC(=CC=C3OCC)[S](=O)(=O)N4CCN(C)CC4
S1985,ATP disodium,[Na+].[Na+].NC1=NC=NC2=C1N=C[N]2C3OC(CO[P](O)(=O)O[P]([O-])(=O)O[P](O)([O-])=O)C(O)C3O
S1999,Sodium butyrate,[Na+].CCCC([O-])=O
S2129,Fudosteine,NC(CSCCCO)C(O)=O
S2462,Donepezil HCl,Cl.COC1=C(OC)C=C2C(=O)C(CC3CCN(CC3)CC4=CC=CC=C4)CC2=C1
S3631,(S)-Methylisothiourea sulfate,CSC(N)=N
S3793,Phytic acid,O[P](O)(=O)OC1C(O[P](O)(O)=O)C(O[P](O)(O)=O)C(O[P](O)(O)=O)C(O[P](O)(O)=O)C1O[P](O)(O)=O
S3852,L-Theanine,CCNC(=O)CCC(N)C(O)=O
S3973,L-SelenoMethionine,C[Se]CCC(N)C(O)=O
S4245,Sodium ascorbate,[NaH].OCC(O)C1OC(=O)C(O)C1O
S4606,Glutathione,NC(CCC(=O)NC(CS)C(=O)NCC(O)=O)C(O)=O
S4740,Sodium ferulate,[Na+].COC1=CC(=CC=C1O)\C=C\C([O-])=O
S4786,S-Methyl-L-cysteine,CSCC(N)C(O)=O
S4791,S-allyl-L-cysteine,NC(CSCC=C)C(O)=O
S4993,Timonacic,OC(=O)C1CSCN1
S5115,Sodium L-ascorbyl-2-phosphate,[Na+].[Na+].[Na+].OCC(O)C1OC(=O)C(=C1[O-])O[P]([O-])([O-])=O
S5226,L-carnosine,NCCC(=O)NC(CC1=C[NH]C=N1)C(O)=O
S5468,Kaempferol-3-O-glucorhamnoside,CC1OC(OC2C(O)C(O)C(CO)OC2OC3=C(OC4=CC(=CC(=C4C3=O)O)O)C5=CC=C(O)C=C5)C(O)C(O)C1O
S5524,Spermine Tetrahydrochloride,Cl.Cl.Cl.Cl.NCCCNCCCCNCCCN
S5545,DL-Serine,NC(CO)C(O)=O
S5633,L-methionine,CSCCC(N)C(O)=O
S6445,Chlorophyllin (sodium copper salt),[Na+].[Na+].[Na+].[Cu++]|1|2|3|[N-]4C5=C(C)C(=C4C=C6N|1=C(C=C7[N-]|2C(=C(CC([O-])=O)C8=N|3C(=C5)C(C)C8CCC([O-])=O)C(=C7C)C([O-])=O)C(=C6C)CC)C=C
S7306,Dorsomorphin (Compound C) 2HCl,Cl.Cl.C1CCN(CC1)CCOC2=CC=C(C=C2)C3=C[N]4N=CC(=C4N=C3)C5=CC=NC=C5
S9344,DL-Methionine,CSCCC(N)C(O)=O
S2433,DL-Buthionine-Sulfoximine,CCCC[S](=N)(=O)CCC(N)C(O)=O
S3266,L-Anserine nitrate salt,C[N]1C=NC=C1CC(NC(=O)CCN)C(O)=O.O[N+]([O-])=O
S9728,"BSO (L-Buthionine-(S,R)-sulfoximine)",CCCC[S](=N)(=O)CCC(N)C(O)=O
S5956,Dexamethasone phosphate disodium,[Na+].[Na+].CC1CC2C3CCC4=CC(=O)C=CC4(C)C3(F)C(O)CC2(C)C1(O)C(=O)CO[P]([O-])([O-])=O
S9803,Elamipretide (MTP-131),CC1=C(CC(NC(=O)C(N)CCCNC(N)=N)C(=O)NC(CCCCN)C(=O)NC(CC2=CC=CC=C2)C(N)=O)C(=CC(=C1)O)C
E0152,L(+)-Monosodium glutamate monohydrate,O.[Na+].NC(CCC(O)=O)C([O-])=O
E2692,L-Ascorbic acid 2-phosphate sesquimagnesium salt,[Mg++].[Mg++].[Mg++].OCC(O)C1OC(=O)C(=C1[O-])O[P]([O-])([O-])=O.OCC(O)C2OC(=O)C(=C2[O-])O[P]([O-])([O-])=O
P1213,gp91ds-tat,CCC(C)C(NC(=O)C(CCCNC(N)=N)NC(=O)C(NC(=O)C(CO)NC(=O)C(CS)NC(=O)C(CCCNC(N)=N)NC(=O)C(CCCNC(N)=N)NC(=O)C(CCCNC(N)=N)NC(=O)C(CCC(N)=O)NC(=O)C(CCCNC(N)=N)NC(=O)C(CCCNC(N)=N)NC(=O)C(CCCCN)NC(=O)C(CCCCN)NC(=O)C(N)CCCNC(N)=N)C(C)O)C(=O)NC(CCCNC(N)=N)C(=O)NC(CCCNC(N)=N)C(=O)NC(CCC(N)=O)C(=O)NC(CC(C)C)C(N)=O
E0178,Cysteamine bitartrate,NCCS.OC(C(O)C(O)=O)C(O)=O
S2542,Phenformin (NSC-756501) HCl,Cl.NC(=N)NC(=N)NCCC1=CC=CC=C1
S1327,Ellagic acid,OC1=CC2=C3C(=C1O)OC(=O)C4=CC(=C(O)C(=C34)OC2=O)O
S1724,Paliperidone,CC1=C(CCN2CCC(CC2)C3=NOC4=C3C=CC(=C4)F)C(=O)N5CCCC(O)C5=N1
S1986,Meclizine 2HCl,Cl.Cl.CC1=CC(=CC=C1)CN2CCN(CC2)C(C3=CC=CC=C3)C4=CC=C(Cl)C=C4
S2251,(-)-Huperzine A (HupA),C\C=C/1C2CC3=C(C=CC(=O)N3)C1(N)CC(=C2)C
S2292,Diosmin,COC1=C(O)C=C(C=C1)C2=CC(=O)C3=C(O2)C=C(OC4OC(COC5OC(C)C(O)C(O)C5O)C(O)C(O)C4O)C=C3O
S3614,Lupeol,CC(=C)C1CCC2(C)CCC3(C)C(CCC4C5(C)CCC(O)C(C)(C)C5CCC34C)C12
S3770,Sodium Aescinate,CC(OC(C)=O)C(C)C(=O)OCC12C(O)C3OC1CC4(C)C(=CCC5C6(C)CCC(OC7OC(C(OC8OC(CO)C(O)C(O)C8O)C(O)C7OC9OCC(O)C(O)C9O)C(=O)O[Na])C(C)(CO)C6CCC45C)C2CC3(C)C
S3891,Vincamine,CCC12CCCN3CCC4=C(C13)[N](C5=CC=CC=C45)C(O)(C2)C(=O)OC
S5116,Bilibubin,CC1=C(C=C)/C(NC1=O)=C/C2=C(C)C(=C(CC3=C(CCC(O)=O)C(=C([NH]3)\C=C\4NC(=O)C(=C4C)C=C)C)[NH]2)CCC(O)=O
S5516,Ellagic Acid hydrate,O.OC1=CC2=C3C(=C1O)OC(=O)C4=CC(=C(O)C(=C34)OC2=O)O
S5712,Zofenopril calcium,CC(CSC(=O)C1=CC=CC=C1)C(=O)N2CC(CC2C(=O)O[Ca]OC(=O)C3CC(CN3C(=O)C(C)CSC(=O)C4=CC=CC=C4)SC5=CC=CC=C5)SC6=CC=CC=C6
S7840,Dorsomorphin (Compound C),C1CCN(CC1)CCOC2=CC=C(C=C2)C3=C[N]4N=CC(=C4N=C3)C5=CC=NC=C5
S9246,Tiliroside,OC1C(O)C(COC(=O)\C=C\C2=CC=C(O)C=C2)OC(OC3=C(OC4=C(C(=CC(=C4)O)O)C3=O)C5=CC=C(O)C=C5)C1O
S3299,Demethyleneberberine,COC1=C(OC)C2=C[N+]3=C(C=C2C=C1)C4=CC(=C(O)C=C4CC3)O
S9054,Pectolinarin,COC1=CC=C(C=C1)C2=CC(=O)C3=C(O2)C=C(OC4OC(COC5OC(C)C(O)C(O)C5O)C(O)C(O)C4O)C(=C3O)OC
E2818,MARK4 inhibitor 1,COC1=CC=C(C[N]2C=C(N=N2)C(=O)N\N=C\3C(=O)NC4=C(C)C=CC=C34)C=C1
