Cat,Name,Smiles,score_active,pred_active
S1052,Elesclomol (STA-4783),CN(NC(=O)CC(=O)NN(C)C(=S)C1=CC=CC=C1)C(=S)C2=CC=CC=C2,0.4349781768021592,0
S1204,Melatonin (NSC 113928),COC1=CC2=C([NH]C=C2CCNC(C)=O)C=C1,0.385140060526493,0
S1282,Artemisinin,CC1CCC2C(C)C(=O)OC3OC4(C)CCC1C23OO4,0.3287206537404153,0
S1290,Celastrol (NSC 70931),CC1=C(O)C(=O)C=C2C1=CC=C3C2(C)CCC4(C)C5CC(C)(CCC5(C)CCC34C)C(O)=O,0.42579745070324654,0
S1319,Costunolide,CC/1=C\CC\C(=C\C2OC(=O)C(=C)C2CC1)C,0.3145373171812938,0
S1326,Edaravone,CC1=NN(C(=O)C1)C2=CC=CC=C2,0.45787685533126615,0
S1342,Genistein (NPI 031L),OC1=CC=C(C=C1)C2=COC3=C(C(=CC(=C3)O)O)C2=O,0.22919506861284894,0
S1344,Glimepiride,CCC1=C(C)CN(C(=O)NCCC2=CC=C(C=C2)[S](=O)(=O)NC(=O)NC3CCC(C)CC3)C1=O,0.6639330517767705,1
S1354,Lansoprazole,CC1=C(OCC(F)(F)F)C=CN=C1C[S](=O)C2=NC3=CC=CC=C3[NH]2,0.485588942919658,0
S1396,Resveratrol (SRT501),OC1=CC=C(C=C1)\C=C\C2=CC(=CC(=C2)O)O,0.47792768244969125,0
S1398,Stavudine (d4T),CC1=CN(C2OC(CO)C=C2)C(=O)NC1=O,0.4025743242939673,0
S1445,Zonisamide,N[S](=O)(=O)CC1=NOC2=CC=CC=C12,0.5806835321332114,0
S1467,Doxercalciferol,CC(C)C(C)/C=C/C(C)C1CCC2C(/CCCC12C)=C/C=C/3CC(O)CC(O)C3=C,0.46967244137212183,0
S1547,Febuxostat,CC(C)COC1=C(C=C(C=C1)C2=NC(=C(S2)C(O)=O)C)C#N,0.23052772197902022,0
S1576,Sulfasalazine (NSC 667219),OC(=O)C1=C(O)C=CC(=C1)N=NC2=CC=C(C=C2)[S](=O)(=O)NC3=CC=CC=N3,0.5365891289854369,0
S1630,Allopurinol,O=C1N=CN=C2NNC=C12,0.5885500418229116,0
S1631,Allopurinol Sodium,[Na+].O=C1NC=NC2=C1C=N[NH]2,0.6195343269900923,1
S1677,Chloramphenicol,OCC(NC(=O)C(Cl)Cl)C(O)C1=CC=C(C=C1)[N+]([O-])=O,0.415796114804775,0
S1696,Hydrocortisone (NSC 10483),CC12CCC(=O)C=C1CCC3C4CCC(O)(C(=O)CO)C4(C)CC(O)C23,0.43428765231829053,0
S1748,Nisoldipine,COC(=O)C1=C(C)NC(=C(C1C2=CC=CC=C2[N+]([O-])=O)C(=O)OCC(C)C)C,0.32481554056806267,0
S1773,Oxytetracycline (Terramycin),CN(C)C1C2C(O)C3C(=C(O)C4=C(C=CC=C4O)C3(C)O)C(=O)C2(O)C(=O)C(=C1O)C(N)=O,0.4258017522690255,0
S1802,AICAR (Acadesine),NC(=O)C1=C(N)[N](C=N1)C2OC(CO)C(O)C2O,0.37315344474347045,0
S1830,Oxfendazole,COC(=O)NC1=NC2=C([NH]1)C=C(C=C2)[S](=O)C3=CC=CC=C3,0.4518903006237246,0
S1848,Curcumin,COC1=CC(=CC=C1O)/C=C/C(O)=C/C(=O)/C=C/C2=CC(=C(O)C=C2)OC,0.6650212599368194,1
S1849,Daidzein,OC1=CC=C(C=C1)C2=COC3=CC(=CC=C3C2=O)O,0.15344439845337765,0
S1897,Potassium Iodide,[K+].[I-],0.30136271096960465,0
S1905,Amlodipine,CCOC(=O)C1=C(COCCN)NC(=C(C1C2=C(Cl)C=CC=C2)C(=O)OC)C,0.41568072517593446,0
S1907,Metronidazole,CC1=NC=C([N]1CCO)[N+]([O-])=O,0.42025690734144955,0
S1909,Fluvastatin (XU-62-320) Sodium,[Na+].CC(C)[N]1C2=C(C=CC=C2)C(=C1\C=C\C(O)CC(O)CC([O-])=O)C3=CC=C(F)C=C3,0.3510727622815162,0
S1952,Methoxsalen,COC1=C2OC=CC2=CC3=C1OC(=O)C=C3,0.20807848258964182,0
S1988,Propylthiouracil,CCCC1=CC(=O)NC(=S)N1,0.36071674457495556,0
S1990,Capsaicin(Vanilloid),COC1=C(O)C=CC(=C1)CNC(=O)CCCC\C=C\C(C)C,0.429223935055924,0
S2011,Pramipexole 2HCl Monohydrate,O.Cl.Cl.CCCNC1CCC2=C(C1)SC(=N2)N,0.3031708222331518,0
S2062,Tiopronin,CC(S)C(=O)NCC(O)=O,0.2956691898586007,0
S2077,Atorvastatin Calcium,[Ca++].CC(C)C1=C(C(=O)NC2=CC=CC=C2)C(=C([N]1CCC(O)CC(O)CC([O-])=O)C3=CC=C(F)C=C3)C4=CC=CC=C4.CC(C)C5=C(C(=O)NC6=CC=CC=C6)C(=C([N]5CCC(O)CC(O)CC([O-])=O)C7=CC=C(F)C=C7)C8=CC=CC=C8,0.32905459426039957,0
S2131,Roflumilast (B9302-107),FC(F)OC1=CC=C(C=C1OCC2CC2)C(=O)NC3=C(Cl)C=NC=C3Cl,0.39618001042953227,0
S2250,(-)-Epigallocatechin Gallate,OC1=CC2=C(CC(OC(=O)C3=CC(=C(O)C(=C3)O)O)C(O2)C4=CC(=C(O)C(=C4)O)O)C(=C1)O,0.44922914674894593,0
S2252,(+)-Usniacin,CC(=O)C1=C(O)C(=C(O)C2=C1OC3=CC(=O)C(=C(O)C23C)C(C)=O)C,0.4076634075912658,0
S2261,Andrographolide,CC1(CO)C(O)CCC2(C)C(C\C=C\3C(O)COC3=O)C(=C)CCC12,0.39900076864440803,0
S2262,Apigenin (LY 080400),OC1=CC=C(C=C1)C2=CC(=O)C3=C(O2)C=C(O)C=C3O,0.3354131355026692,0
S2266,Asiatic Acid,CC1CCC2(CCC3(C)C(=CCC4C5(C)CC(O)C(O)C(C)(CO)C5CCC34C)C2C1C)C(O)=O,0.46187209962469783,0
S2268,Baicalein,OC1=C(O)C(=C2C(=O)C=C(OC2=C1)C3=CC=CC=C3)O,0.23805823474035703,0
S2269,Baicalin (NSC-661431),OC1C(O)C(OC(C1O)C(O)=O)OC2=C(O)C(=C3C(=O)C=C(OC3=C2)C4=CC=CC=C4)O,0.30291998502945705,0
S2270,Bergenin,COC1=C(O)C2=C(C=C1O)C(=O)OC3C(O)C(O)C(CO)OC23,0.4054680819694082,0
S2277,Caffeic Acid,OC(=O)/C=C/C1=CC=C(O)C(=C1)O,0.6451133837233455,1
S2280,Chlorogenic Acid,OC1CC(O)(CC(OC(=O)\C=C\C2=CC(=C(O)C=C2)O)C1O)C(O)=O,0.61183944225025,1
S2281,Chrysin,OC1=CC2=C(C(=C1)O)C(=O)C=C(O2)C3=CC=CC=C3,0.2529428383884132,0
S2289,Daidzin,OCC1OC(OC2=CC3=C(C=C2)C(=O)C(=CO3)C4=CC=C(O)C=C4)C(O)C(O)C1O,0.3124220814378676,0
S2293,DL-Carnitine HCl,[Cl-].C[N+](C)(C)CC(O)CC(O)=O,0.33104941442689434,0
S2298,Fisetin,OC1=CC2=C(C=C1)C(=O)C(=C(O2)C3=CC(=C(O)C=C3)O)O,0.5866272663975148,0
S2299,Formononetin,COC1=CC=C(C=C1)C2=COC3=C(C=CC(=C3)O)C2=O,0.13519381356695334,0
S2300,Ferulic Acid,COC1=CC(=CC=C1O)\C=C\C(O)=O,0.6463438407983747,1
S2301,Genistin (Genistoside),OCC1OC(OC2=CC3=C(C(=C2)O)C(=O)C(=CO3)C4=CC=C(O)C=C4)C(O)C(O)C1O,0.35952563116692615,0
S2302,Glycyrrhizin (NSC 167409),CC1(C)C(CCC2(C)C1CCC3(C)C2C(=O)C=C4C5CC(C)(CCC5(C)CCC34C)C(O)=O)OC6OC(C(O)C(O)C6OC7OC(C(O)C(O)C7O)C(O)=O)C(O)=O,0.4563679123371291,0
S2303,Gossypol Acetate,CC(C)C1=C2C=C(C)C(=C(O)C2=C(C=O)C(=C1O)O)C3=C(O)C4=C(C=C3C)C(=C(O)C(=C4C=O)O)C(C)C.CC(O)=O,0.38211699034174795,0
S2308,Hesperetin,COC1=CC=C(C=C1O)C2CC(=O)C3=C(O)C=C(O)C=C3O2,0.41040437653249223,0
S2309,Hesperidin,COC1=CC=C(C=C1O)C2CC(=O)C3=C(O)C=C(OC4OC(COC5OC(C)C(O)C(O)C5O)C(O)C(O)C4O)C=C3O2,0.4304671782365165,0
S2310,Honokiol (NSC 293100),OC1=C(CC=C)C=C(C=C1)C2=CC(=CC=C2O)CC=C,0.41456781699975026,0
S2312,Icariin,COC1=CC=C(C=C1)C2=C(OC3OC(C)C(O)C(O)C3O)C(=O)C4=C(O2)C(=C(OC5OC(CO)C(O)C(O)C5O)C=C4O)CC=C(C)C,0.40418359603186615,0
S2313,Indole-3-carbinol,OCC1=C[NH]C2=C1C=CC=C2,0.3975945666064163,0
S2314,Kaempferol (NSC 407289),OC1=CC=C(C=C1)C2=C(O)C(=O)C3=C(O)C=C(O)C=C3O2,0.5261761317059647,0
S2318,Lappaconitine,CCN1CC2(CCC(OC)C34C2CC(C13)C5(O)CC(OC)C6CC4C5(O)C6OC)OC(=O)C7=CC=CC=C7NC(C)=O,0.41440072878564044,0
S2320,Luteolin,OC1=CC(=C2C(=O)C=C(OC2=C1)C3=CC=C(O)C(=C3)O)O,0.6105867989863681,1
S2321,Magnolol,OC1=C(C=C(CC=C)C=C1)C2=CC(=CC=C2O)CC=C,0.4186447118087497,0
S2323,Methyl-Hesperidin,COC1=CC=C(C=C1O)C2CC(=O)C3=C(OC)C=C(OC4OC(COC5OC(C)C(O)C(O)C5O)C(O)C(O)C4O)C=C3O2,0.4281663306335976,0
S2325,Morin Hydrate,O.OC1=CC=C(C(=C1)O)C2=C(O)C(=O)C3=C(O)C=C(O)C=C3O2,0.42939579635560926,0
S2326,Myricetin,OC1=CC(=C2C(=O)C(=C(OC2=C1)C3=CC(=C(O)C(=C3)O)O)O)O,0.5294586133902369,0
S2327,Myricitrin,CC1OC(OC2=C(OC3=CC(=CC(=C3C2=O)O)O)C4=CC(=C(O)C(=C4)O)O)C(O)C(O)C1O,0.4451093536412099,0
S2329,Naringin,CC1OC(OC2C(O)C(O)C(CO)OC2OC3=CC(=C4C(=O)CC(OC4=C3)C5=CC=C(O)C=C5)O)C(O)C(O)C1O,0.45212860173260316,0
S2331,Neohesperidin Dihydrochalcone (Nhdc),COC1=C(O)C=C(CCC(=O)C2=C(O)C=C(OC3OC(CO)C(O)C(O)C3OC4OC(C)C(O)C(O)C4O)C=C2O)C=C1,0.43054746367771807,0
S2332,Neohesperidin,COC1=CC(=CC(=C1)C2CC(=O)C3=C(O)C=C(OC4OC(CO)C(O)C(O)C4OC5OC(C)C(O)C(O)C5O)C=C3O2)O,0.4415371165582928,0
S2333,Nobiletin (NSC 76751),COC1=C(OC)C=C(C=C1)C2=CC(=O)C3=C(OC)C(=C(OC)C(=C3O2)OC)OC,0.21012002149461673,0
S2339,Paeonol,COC1=CC(=C(C=C1)C(C)=O)O,0.2997026298346272,0
S2341,(-)-Parthenolide,CC/1=C\CCC2(C)OC2C3OC(=O)C(=C)C3CC1,0.3612418411524175,0
S2342,Phloretin (RJC 02792),OC1=CC=C(CCC(=O)C2=C(O)C=C(O)C=C2O)C=C1,0.3799689584361757,0
S2343,Phlorizin,OCC1OC(OC2=C(C(=O)CCC3=CC=C(O)C=C3)C(=CC(=C2)O)O)C(O)C(O)C1O,0.44103185941144973,0
S2346,Puerarin,OCC1OC(OC2=C(O)C=CC3=C2OC=C(C3=O)C4=CC=C(O)C=C4)C(O)C(O)C1O,0.3623543075517405,0
S2347,Quercetin Dihydrate,O.O.OC1=CC(=C2C(=O)C(=C(OC2=C1)C3=CC=C(O)C(=C3)O)O)O,0.6627891038266537,1
S2348,Rotenone (Barbasco),COC1=CC2=C(C=C1OC)C3C(CO2)OC4=C(C=CC5=C4CC(O5)C(C)=C)C3=O,0.41424837246395557,0
S2350,Rutin,CC1OC(OCC2OC(OC3=C(OC4=C(C(=CC(=C4)O)O)C3=O)C5=CC(=C(O)C=C5)O)C(O)C(O)C2O)C(O)C(O)C1O,0.5346967979949994,0
S2354,Sclareol,CC1(C)CCCC2(C)C1CCC(C)(O)C2CCC(C)(O)C=C,0.4437388058392582,0
S2357,Silibinin (NSC 651520),COC1=CC(=CC=C1O)C2OC3=CC(=CC=C3OC2CO)C4OC5=CC(=CC(=C5C(=O)C4O)O)O,0.4626170413685285,0
S2358,Silymarin,COC1=CC(=CC=C1O)C2OC3=CC=C(C=C3OC2CO)C4OC5=C(C(=CC(=C5)O)O)C(=O)C4O,0.4626170413685285,0
S2359,Sinomenine,COC1=CC2C3CC4=C(C(=C(OC)C=C4)O)C2(CCN3C)CC1=O,0.427973184015846,0
S2363,Tangeretin,COC1=CC=C(C=C1)C2=CC(=O)C3=C(OC)C(=C(OC)C(=C3O2)OC)OC,0.18797641474181173,0
S2365,Tanshinone IIA,CC1=COC2=C1C(=O)C(=O)C3=C2C=CC4=C3CCCC4(C)C,0.2721390792984888,0
S2369,Troxerutin,CC1OC(OCC2OC(OC3=C(OC4=CC(=CC(=C4C3=O)O)OCCO)C5=CC(=C(OCCO)C=C5)OCCO)C(O)C(O)C2O)C(O)C(O)C1O,0.39694030805568703,0
S2371,Vanillylacetone,COC1=CC(=CC=C1O)CCC(C)=O,0.3804855933689602,0
S2377,Biochanin A,COC1=CC=C(C=C1)C2=COC3=CC(=CC(=C3C2=O)O)O,0.21982970357740186,0
S2380,Diosmetin,COC1=CC=C(C=C1O)C2=CC(=O)C3=C(O)C=C(O)C=C3O2,0.3438355630959587,0
S2382,Evodiamine,CN1C2N(CCC3=C2[NH]C4=CC=CC=C34)C(=O)C5=C1C=CC=C5,0.4424823099416903,0
S2384,Hematoxylin,OC1=CC2=C(C=C1O)C3C4=C(OCC3(O)C2)C(=C(O)C=C4)O,0.5520184950991985,0
S2389,Naringin Dihydrochalcone,CC1OC(OC2C(O)C(O)C(CO)OC2OC3=CC(=C(C(=O)CCC4=CC=C(O)C=C4)C(=C3)O)O)C(O)C(O)C1O,0.4282877968805078,0
S2390,Polydatin,OCC1OC(OC2=CC(=CC(=C2)\C=C\C3=CC=C(O)C=C3)O)C(O)C(O)C1O,0.48230506884859714,0
S2391,Quercetin (NSC 9221),OC1=CC(=C2C(=O)C(=C(OC2=C1)C3=CC=C(O)C(=C3)O)O)O,0.6868680528075554,1
S2392,Sesamin,C1OC2=C(O1)C=C(C=C2)C3OCC4C3COC4C5=CC6=C(OCO6)C=C5,0.4913107276545167,0
S2394,Naringenin,OC1=CC=C(C=C1)C2CC(=O)C3=C(O)C=C(O)C=C3O2,0.43025692514326414,0
S2396,Salidroside,OCC1OC(OCCC2=CC=C(O)C=C2)C(O)C(O)C1O,0.4275328779070224,0
S2399,Dihydromyricetin,OC1C(OC2=CC(=CC(=C2C1=O)O)O)C3=CC(=C(O)C(=C3)O)O,0.4503225882261994,0
S2400,Rheic Acid,OC(=O)C1=CC(=C2C(=O)C3=C(C=CC=C3O)C(=O)C2=C1)O,0.30321263704109097,0
S2401,Sodium Danshensu,[Na+].OC(CC1=CC(=C(O)C=C1)O)C([O-])=O,0.6088795252760394,1
S2404,Isoliquiritigenin,OC1=CC=C(C=C1)\C=C\C(=O)C2=C(O)C=C(O)C=C2,0.4904447728817159,0
S2405,Sophocarpine,O=C1C=CCC2C3CCCN4CCCC(CN12)C34,0.3514325003654036,0
S2411,Geniposide,COC(=O)C1=COC(OC2OC(CO)C(O)C(O)C2O)C3C1CC=C3CO,0.4074501812341369,0
S2415,Astragaloside A,CC(C)(O)C1CCC(C)(O1)C2C(O)CC3(C)C4CC(OC5OC(CO)C(O)C(O)C5O)C6C(C)(C)C(CCC67CC47CCC23C)OC8OCC(O)C(O)C8O,0.47310940989141687,0
S2425,Apocynin (NSC 2146),COC1=C(O)C=CC(=C1)C(C)=O,0.38631128276954224,0
S2450,Equol,OC1=CC=C(C=C1)C2COC3=CC(=CC=C3C2)O,0.5650708130011054,0
S2487,Mycophenolic acid,COC1=C(C)C2=C(C(=C1C\C=C(/C)CCC(O)=O)O)C(=O)OC2,0.3349173346946702,0
S2526,Alizarin,OC1=C(O)C2=C(C=C1)C(=O)C3=CC=CC=C3C2=O,0.394297400105621,0
S2532,L-Ascorbyl 6-palmitate,CCCCCCCCCCCCCCCC(=O)OCC(O)C1OC(=O)C(=C1O)O,0.3268202237865108,0
S2554,Daphnetin,OC1=CC=C2C=CC(=O)OC2=C1O,0.3760123548879922,0
S2586,Dimethyl Fumarate,COC(=O)\C=C\C(=O)OC,0.2851825232457542,0
S2605,Idebenone,COC1=C(OC)C(=O)C(=C(C)C1=O)CCCCCCCCCCO,0.3005748093323835,0
S2697,A-769662,OC1=CC=CC=C1C2=CC=C(C=C2)C3=CSC4=C3C(=C(C#N)C(=O)N4)O,0.3042866766181051,0
S2747,AMG-458,COC1=CC2=NC=CC(=C2C=C1)OC3=CN=C(NC(=O)C4=C(C)N(CC(C)(C)O)N(C4=O)C5=CC=CC=C5)C=C3,0.4712635915387376,0
S2910,Tempol,CC1(C)CC(O)CC(C)(C)N1[O],0.4138160107055821,0
S2926,TDZD-8,CN1SC(=O)N(CC2=CC=CC=C2)C1=O,0.4093019131168579,0
S3026,Piceatannol,OC1=CC(=CC(=C1)/C=C/C2=CC=C(O)C(=C2)O)O,0.6605968202389032,1
S3077,Tazobactam,CC1(C[N]2C=CN=N2)C(N3C(CC3=O)[S]1(=O)=O)C(O)=O,0.5531283854082156,0
S3113,Pyridoxine HCl,Cl.CC1=C(O)C(=C(CO)C=N1)CO,0.3797717142404376,0
S3114,Vitamin C,OCC(O)C1OC(=O)C(=C1O)O,0.36873231693021075,0
S3137,Sodium salicylate,[NaH].OC(=O)C1=CC=CC=C1O,0.33857403620287185,0
S3600,Schisandrin B (Sch B),COC1=CC2=C(C(=C1OC)OC)C3=C(CC(C)C(C)C2)C=C4OCOC4=C3OC,0.38632786116258583,0
S3604,Triptolide (PG490),CC(C)C12OC1C3OC34C5(C)CCC6=C(COC6=O)C5CC7OC47C2O,0.41212718293189504,0
S3608,Demethylzeylasteral (T-96),CC12CCC(C)(CC1C3(C)CCC4(C)C5=CC(=C(O)C(=C5C(=O)C=C4C3(C)CC2)C=O)O)C(O)=O,0.46164664132787725,0
S3609,Berbamine dihydrochloride,Cl.Cl.COC1=CC2=C3C=C1OC4=C(OC)C(=CC5=C4C(CC6=CC(=C(O)C=C6)OC7=CC=C(CC3N(C)CC2)C=C7)N(C)CC5)OC,0.5088629181473461,0
S3610,Cordycepin,NC1=NC=NC2=C1N=C[N]2C3OC(CO)CC3O,0.3571684623233391,0
S3612,Rosmarinic acid,OC(=O)C(CC1=CC=C(O)C(=C1)O)OC(=O)\C=C\C2=CC=C(O)C(=C2)O,0.647892201797358,1
S3613,Scoparone,COC1=CC2=C(C=CC(=O)O2)C=C1OC,0.1760519822000932,0
S3616,Asiaticoside,CC1CCC2(CCC3(C)C(=CCC4C5(C)CC(O)C(O)C(C)(CO)C5CCC34C)C2C1C)C(=O)OC6OC(COC7OC(CO)C(OC8OC(C)C(O)C(O)C8O)C(O)C7O)C(O)C(O)C6O,0.4767243008691182,0
S3617,(20S)-Protopanaxatriol,CC(C)=CCCC(C)(O)C1CCC2(C)C1C(O)CC3C4(C)CCC(O)C(C)(C)C4C(O)CC23C,0.45988563152225503,0
S3622,Diammonium Glycyrrhizinate,N.N.CC1(C)C(CCC2(C)C1CCC3(C)C2C(=O)C=C4C5CC(C)(CCC5(C)CCC34C)C(O)=O)OC6OC(C(O)C(O)C6OC7OC(C(O)C(O)C7O)C(O)=O)C(O)=O,0.4649621609385974,0
S3624,Quinolinic acid,OC(=O)C1=CC=CN=C1C(O)=O,0.2723457398433577,0
S3626,Sesamol,OC1=CC2=C(OCO2)C=C1,0.3684839483661552,0
S3629,Syringic acid,COC1=CC(=CC(=C1O)OC)C(O)=O,0.365261244849248,0
S3630,Methyl Vanillate,COC(=O)C1=CC(=C(O)C=C1)OC,0.4058214983234342,0
S3633,Pyrrolidinedithiocarbamate ammonium,N.SC(=S)N1CCCC1,0.3315035440974604,0
S3634,6-Hydroxyflavone (6-HF),OC1=CC2=C(OC(=CC2=O)C3=CC=CC=C3)C=C1,0.08170717432255228,0
S3639,Tacrine hydrochloride hydrate,NC1=C2C=CC=CC2=NC3=C1CCCC3,0.3109041322891673,0
S3652,3-Nitropropionic acid,OC(=O)CC[N+]([O-])=O,0.34820982906164344,0
S3665,Trolox,CC1=C(C)C2=C(CCC(C)(O2)C(O)=O)C(=C1O)C,0.37588672273916657,0
S3671,Quinestrol,CC12CCC3C(CCC4=C3C=CC(=C4)OC5CCCC5)C1CCC2(O)C#C,0.48896314760830484,0
S3675,Umbelliferone,OC1=CC2=C(C=C1)C=CC(=O)O2,0.17813441324396814,0
S3679,Flavanone,O=C1CC(OC2=C1C=CC=C2)C3=CC=CC=C3,0.27107184179487137,0
S3681,Vitamin E Acetate,CC(C)CCCC(C)CCCC(C)CCCC1(C)CCC2=C(C)C(=C(C)C(=C2O1)C)OC(C)=O,0.3123160932274836,0
S3758,Sinomenine hydrochloride,Cl.COC1=C(O)C2=C(CC3C4C=C(OC)C(=O)CC24CCN3C)C=C1,0.4524922269086326,0
S3764,Isoferulic Acid,COC1=C(O)C=C(\C=C\C(O)=O)C=C1,0.5620559700247274,0
S3765,Picroside II,COC1=CC(=CC=C1O)C(=O)OC2C3C=COC(OC4OC(CO)C(O)C(O)C4O)C3C5(CO)OC25,0.4666556850528296,0
S3769,Palmatine,COC1=CC2=C(C=C1OC)C3=CC4=C(C=[N+]3CC2)C(=C(OC)C=C4)OC,0.3758233458008715,0
S3773,Tyrosol,OCCC1=CC=C(O)C=C1,0.35066754581443826,0
S3775,Ligustrazine hydrochloride,Cl.CC1=NC(=C(C)N=C1C)C,0.31375349257582547,0
S3776,Sophoricoside,OCC1OC(OC2=CC=C(C=C2)C3=COC4=C(C(=CC(=C4)O)O)C3=O)C(O)C(O)C1O,0.3629241443123752,0
S3777,Gentiopicroside,OCC1OC(OC2OC=C3C(=O)OCC=C3C2C=C)C(O)C(O)C1O,0.42730719305295084,0
S3780,Secoisolariciresinol diglucoside,COC1=C(O)C=CC(=C1)CC(COC2OC(CO)C(O)C(O)C2O)C(COC3OC(CO)C(O)C(O)C3O)CC4=CC(=C(O)C=C4)OC,0.5301314440053216,0
S3782,Neomangiferin,OCC1OC(OC2=CC3=C(OC4=C(C(=C(C5OC(CO)C(O)C(O)C5O)C(=C4)O)O)C3=O)C=C2O)C(O)C(O)C1O,0.39066083310337046,0
S3783,Echinacoside,CC1OC(OC2C(O)C(OCCC3=CC(=C(O)C=C3)O)OC(COC4OC(CO)C(O)C(O)C4O)C2OC(=O)\C=C\C5=CC=C(O)C(=C5)O)C(O)C(O)C1O,0.5903685165612473,0
S3784,Obacunone (AI3-37934),CC1(C)OC(=O)C=CC2(C)C3CCC4(C)C(OC(=O)C5OC45C3(C)C(=O)CC12)C6=COC=C6,0.3587585097961284,0
S3785,Notoginsenoside R1,CC(C)=CCCC(C)(OC1OC(CO)C(O)C(O)C1O)C2CCC3(C)C2C(O)CC4C5(C)CCC(O)C(C)(C)C5C(CC34C)OC6OC(CO)C(O)C(O)C6OC7OCC(O)C(O)C7O,0.4954357302971913,0
S3786,Glabridin,CC1(C)OC2=C(C=C1)C3=C(CC(CO3)C4=CC=C(O)C=C4O)C=C2,0.5435860892000379,0
S3788,Carvacrol,CC(C)C1=CC=C(C)C(=C1)O,0.3325332102615704,0
S3790,Methyl gallate,COC(=O)C1=CC(=C(O)C(=C1)O)O,0.44096975105797537,0
S3799,Gentisic acid,OC(=O)C1=C(O)C=CC(=C1)O,0.3984412666560872,0
S3804,Alpha-Mangostin,COC1=C(O)C=C2OC3=C(C(=C(CC=C(C)C)C(=C3)O)O)C(=O)C2=C1CC=C(C)C,0.29080302246988626,0
S3808,Mangiferin,OCC1OC(C(O)C(O)C1O)C2=C(O)C=C3OC4=C(C=C(O)C(=C4)O)C(=O)C3=C2O,0.39877821905303534,0
S3809,Imperatorin,CC(C)=CCOC1=C2OC(=O)C=CC2=CC3=C1OC=C3,0.24030113335029238,0
S3810,Scutellarin,OC1C(O)C(OC(C1O)C(O)=O)OC2=CC3=C(C(=O)C=C(O3)C4=CC=C(O)C=C4)C(=C2O)O,0.34531427854306707,0
S3811,Ginsenoside Re,CC1OC(OC2C(O)C(O)C(CO)OC2OC3CC4(C)C(CC(O)C5C(CCC45C)C(C)(CCC=C(C)C)OC6OC(CO)C(O)C(O)C6O)C7(C)CCC(O)C(C)(C)C37)C(O)C(O)C1O,0.4712165953185916,0
S3813,Bakuchiol,CC(C)=CCCC(C)(C=C)\C=C\C1=CC=C(O)C=C1,0.46175736626058445,0
S3815,Mogroside V,CC(CCC(OC1OC(COC2OC(CO)C(O)C(O)C2O)C(O)C(O)C1OC3OC(CO)C(O)C(O)C3O)C(C)(C)O)C4CCC5(C)C6CC=C7C(CCC(OC8OC(COC9OC(CO)C(O)C(O)C9O)C(O)C(O)C8O)C7(C)C)C6(C)C(O)CC45C,0.4872314347472398,0
S3818,Tectoridin,COC1=C(O)C2=C(OC=C(C2=O)C3=CC=C(O)C=C3)C=C1OC4OC(CO)C(O)C(O)C4O,0.32066048973065964,0
S3822,Schisandrin A,COC1=CC2=C(C(=C1OC)OC)C3=C(CC(C)C(C)C2)C=C(OC)C(=C3OC)OC,0.3450434764208818,0
S3824,Quercitrin,CC1OC(OC2=C(OC3=C(C(=CC(=C3)O)O)C2=O)C4=CC(=C(O)C=C4)O)C(O)C(O)C1O,0.5524485895018777,0
S3825,Glycitin,COC1=CC2=C(OC=C(C2=O)C3=CC=C(O)C=C3)C=C1OC4OC(CO)C(O)C(O)C4O,0.31209176408495204,0
S3826,Hydroxytyrosol,OCCC1=CC=C(O)C(=C1)O,0.5101050480680945,0
S3828,Orcinol glucoside,CC1=CC(=CC(=C1)OC2OC(CO)C(O)C(O)C2O)O,0.4158635450887025,0
S3833,Amentoflavone,OC1=CC=C(C=C1)C2=CC(=O)C3=C(O2)C(=C(O)C=C3O)C4=CC(=CC=C4O)C5=CC(=O)C6=C(O5)C=C(O)C=C6O,0.3634451242924904,0
S3834,Astaxanthin,CC(=C\C=C\C=C(C)\C=C\C=C(C)\C=C\C1=C(C)C(=O)C(O)CC1(C)C)/C=C/C=C(C)/C=C/C2=C(C)C(=O)C(O)CC2(C)C,0.45417219835531136,0
S3835,Loganin,COC(=O)C1=COC(OC2OC(CO)C(O)C(O)C2O)C3C(C)C(O)CC13,0.39925492129746576,0
S3836,6-Gingerol,CCCCCC(O)CC(=O)CCC1=CC=C(O)C(=C1)OC,0.4293594909902313,0
S3837,Echinocystic acid,CC1(C)CCC2(C(O)CC3(C)C(=CCC4C5(C)CCC(O)C(C)(C)C5CCC34C)C2C1)C(O)=O,0.5024328919946006,0
S3838,Carnosic acid,CC(C)C1=CC2=C(C(=C1O)O)C3(CCCC(C)(C)C3CC2)C(O)=O,0.4152468070523087,0
S3839,1-Deoxynojirimycin,OCC1NCC(O)C(O)C1O,0.46989411159280403,0
S3840,Baohuoside I,COC1=CC=C(C=C1)C2=C(OC3OC(C)C(O)C(O)C3O)C(=O)C4=C(O)C=C(O)C(=C4O2)CC=C(C)C,0.40946039590758504,0
S3842,Isoquercitrin,OCC1OC(OC2=C(OC3=CC(=CC(=C3C2=O)O)O)C4=CC(=C(O)C=C4)O)C(O)C(O)C1O,0.5412287740888092,0
S3843,Madecassoside,CC1CCC2(CCC3(C)C(=CCC4C5(C)CC(O)C(O)C(C)(CO)C5C(O)CC34C)C2C1C)C(=O)OC6OC(COC7OC(CO)C(OC8OC(C)C(O)C(O)C8O)C(O)C7O)C(O)C(O)C6O,0.48320278282684,0
S3846,Eupatilin,COC1=CC=C(C=C1OC)C2=CC(=O)C3=C(O2)C=C(O)C(=C3O)OC,0.28326844994463213,0
S3847,Panaxatriol,CC1(C)CCCC(C)(O1)C2CCC3(C)C2C(O)CC4C5(C)CCC(O)C(C)(C)C5C(O)CC34C,0.4082374230700138,0
S3848,Hydroxytyrosol Acetate,CC(=O)OCCC1=CC(=C(O)C=C1)O,0.5752878236078127,0
S3849,D-Galactose,OCC1OC(O)C(O)C(O)C1O,0.40340219472799116,0
S3855,Ethyl ferulate,CCOC(=O)/C=C/C1=CC(=C(O)C=C1)OC,0.550113662837834,0
S3857,4-Hydroxybenzyl alcohol,OCC1=CC=C(O)C=C1,0.3708033224588129,0
S3858,Lawsone,OC1=CC(=O)C2=C(C=CC=C2)C1=O,0.24518707863748937,0
S3859,Vanillyl Alcohol,COC1=CC(=CC=C1O)CO,0.44342408356714574,0
S3860,Allicin,C=CCS[S](=O)CC=C,0.3797245387093829,0
S3862,Gallic acid trimethyl ether,COC1=CC(=CC(=C1OC)OC)C(O)=O,0.2947338671283613,0
S3867,(E)-Cardamonin,COC1=CC(=CC(=C1C(=O)\C=C\C2=CC=CC=C2)O)O,0.4757233293674665,0
S3869,Methyl protocatechuate,COC(=O)C1=CC(=C(O)C=C1)O,0.5592452576487169,0
S3870,D-Pinitol,COC1C(O)C(O)C(O)C(O)C1O,0.4118722218931608,0
S3872,Guaiacol,COC1=C(O)C=CC=C1,0.34298716175012867,0
S3874,Curcumenol,CC1CCC2C(=CC3(O)OC12CC3=C(C)C)C,0.4224740821498,0
S3875,Alpinetin,COC1=CC(=CC2=C1C(=O)CC(O2)C3=CC=CC=C3)O,0.2897672504892853,0
S3877,Lysionotin,COC1=CC=C(C=C1)C2=CC(=O)C3=C(O)C(=C(O)C(=C3O2)OC)OC,0.2687416135891682,0
S3878,Bavachinin,COC1=CC2=C(C=C1CC=C(C)C)C(=O)CC(O2)C3=CC=C(O)C=C3,0.4043770357054245,0
S3879,Kaempferide,COC1=CC=C(C=C1)C2=C(O)C(=O)C3=C(O2)C=C(O)C=C3O,0.4235078428099196,0
S3880,Schisantherin A,COC1=CC2=C(C(=C1OC)OC)C3=C(CC(C)C(C)(O)C2OC(=O)C4=CC=CC=C4)C=C5OCOC5=C3OC,0.3583572982842283,0
S3881,Scopoletin,COC1=CC2=C(OC(=O)C=C2)C=C1O,0.1849643384669513,0
S3883,Protopine,CN1CCC2=C(C=C3OCOC3=C2)C(=O)CC4=C(C1)C5=C(OCO5)C=C4,0.3481444252223647,0
S3884,Jatrorrhizine,COC1=CC2=C(CC[N+]3=CC4=C(C=CC(=C4OC)OC)C=C23)C=C1O,0.42403846406183554,0
S3885,Pyrogallol,OC1=C(O)C(=CC=C1)O,0.5255225842928847,0
S3888,"3,4',5-Trimethoxy-trans-stilbene",COC1=CC=C(C=C1)/C=C/C2=CC(=CC(=C2)OC)OC,0.401828212166303,0
S3897,(-)-Arctigenin,COC1=C(O)C=CC(=C1)CC2C(COC2=O)CC3=CC=C(OC)C(=C3)OC,0.43099159308886037,0
S3898,Hydroxy Camptothecine,CCC1(O)C(=O)OCC2=C1C=C3N(CC4=CC5=C(C=CC(=C5)O)N=C34)C2=O,0.42304307385717954,0
S3905,Iso-Steviol,CC12CCC3C4(C)CCCC(C)(C4CCC3(CC1=O)C2)C(O)=O,0.2897754147541346,0
S3906,Astragalus polyphenols,OCC1OC(OC2=C(\C=C\C3=CC=C(O)C=C3)C=C(O)C=C2O)C(O)C(O)C1O,0.5091052364852707,0
S3908,4'-Demethylpodophyllotoxin,COC1=CC(=CC(=C1O)OC)C2C3C(COC3=O)C(O)C4=C2C=C5OCOC5=C4,0.47034596736695894,0
S3909,Catalpol,OCC1OC(OC2OC=CC3C(O)C4OC4(CO)C23)C(O)C(O)C1O,0.4387424441505484,0
S3910,"4',7-Dimethoxyisoflavone",COC1=CC=C(C=C1)C2=COC3=C(C=CC(=C3)OC)C2=O,0.14127927961899023,0
S3917,Tetrahydrocurcumin,COC1=C(O)C=CC(=C1)CCC(=O)CC(=O)CCC2=CC=C(O)C(=C2)OC,0.4266847737561659,0
S3918,"4',7-Dimethoxy-5-Hydroxyflavone",COC1=CC=C(C=C1)C2=CC(=O)C3=C(O2)C=C(OC)C=C3O,0.22256363302092022,0
S3922,(-)-epigallocatechin,OC1CC2=C(OC1C3=CC(=C(O)C(=C3)O)O)C=C(O)C=C2O,0.49169563559844176,0
S3924,Ginsenoside Rb1,CC(C)=CCCC(C)(OC1OC(COC2OC(CO)C(O)C(O)C2O)C(O)C(O)C1O)C3CCC4(C)C3C(O)CC5C6(C)CCC(OC7OC(CO)C(O)C(O)C7OC8OC(CO)C(O)C(O)C8O)C(C)(C)C6CCC45C,0.4714593029254694,0
S3925,(-)-Epicatechin gallate,OC1=CC2=C(CC(OC(=O)C3=CC(=C(O)C(=C3)O)O)C(O2)C4=CC=C(O)C(=C4)O)C(=C1)O,0.5830110999642992,0
S3926,Forsythin,COC1=CC=C(C=C1OC)C2OCC3C2COC3C4=CC(=C(OC5OC(CO)C(O)C(O)C5O)C=C4)OC,0.5280714158129146,0
S3929,Liquiritigenin,OC1=CC=C(C=C1)C2CC(=O)C3=CC=C(O)C=C3O2,0.36011591012289457,0
S3930,Liquiritin,OCC1OC(OC2=CC=C(C=C2)C3CC(=O)C4=C(O3)C=C(O)C=C4)C(O)C(O)C1O,0.430548342988456,0
S3932,Astilbin,CC1OC(OC2C(OC3=C(C(=CC(=C3)O)O)C2=O)C4=CC(=C(O)C=C4)O)C(O)C(O)C1O,0.548191761392724,0
S3934,Acetyl Resveratrol,CC(=O)OC1=CC=C(C=C1)/C=C/C2=CC(=CC(=C2)OC(C)=O)OC(C)=O,0.36207993470162025,0
S3935,Nonivamide,CCCCCCCCC(=O)NCC1=CC(=C(O)C=C1)OC,0.38541071718592207,0
S3937,Pterostilbene,COC1=CC(=CC(=C1)\C=C\C2=CC=C(O)C=C2)OC,0.45203672629013586,0
S3939,4'-Methoxyresveratrol,COC1=CC=C(C=C1)\C=C\C2=CC(=CC(=C2)O)O,0.46490842547038863,0
S3940,3'-Hydroxypterostilbene,COC1=CC(=CC(=C1)/C=C/C2=CC(=C(O)C=C2)O)OC,0.6431211314539448,1
S3941,Pinocembrin,OC1=CC2=C(C(=O)CC(O2)C3=CC=CC=C3)C(=C1)O,0.3719875924265485,0
S3942,Cardamonin,COC1=CC(=CC(=C1C(=O)C=CC2=CC=CC=C2)O)O,0.4757233293674665,0
S3951,Tannic acid,OC1=CC(=CC(=C1O)O)C(=O)OC2=C(O)C(=CC(=C2)C(=O)OCC3OC(OC(=O)C4=CC(=C(O)C(=C4)O)OC(=O)C5=CC(=C(O)C(=C5)O)O)C(OC(=O)C6=CC(=C(O)C(=C6)O)OC(=O)C7=CC(=C(O)C(=C7)O)O)C(OC(=O)C8=CC(=C(O)C(=C8)O)OC(=O)C9=CC(=C(O)C(=C9)O)O)C3OC(=O)C%10=CC(=C(O)C(=C%10)O)OC(=O)C%11=CC(=C(O)C(=C%11)O)O)O,0.5480340349063472,0
S3952,"3,4-Dihydroxybenzaldehyde",OC1=CC=C(C=O)C=C1O,0.5948379949342101,0
S3956,Tetramethylpyrazine,CC1=NC(=C(C)N=C1C)C,0.3095936501140896,0
S3957,Gamma-Oryzanol,COC1=CC(=CC=C1O)/C=C/C(=O)OC2CCC34CC35CCC6(C)C(CCC6(C)C5CCC4C2(C)C)C(C)CCC=C(C)C,0.5379043955941722,0
S3960,Higenamine hydrochloride,Cl.OC1=CC=C(CC2NCCC3=CC(=C(O)C=C23)O)C=C1,0.5314658419143177,0
S3967,Flavone,O=C1C=C(OC2=C1C=CC=C2)C3=CC=CC=C3,0.10739399142883581,0
S3969,Veratric acid,COC1=C(OC)C=C(C=C1)C(O)=O,0.3059095679287935,0
S3974,(+)-Catechin hydrate,OC1CC2=C(OC1C3=CC(=C(O)C=C3)O)C=C(O)C=C2O,0.6300511695484143,1
S3975,Protocatechuic acid,OC(=O)C1=CC(=C(O)C=C1)O,0.5543672069760092,0
S3980,Pyridoxine,CC1=NC=C(CO)C(=C1O)CO,0.37424634771194415,0
S3981,Sinapinic Acid,COC1=C(O)C(=CC(=C1)\C=C\C(O)=O)OC,0.5129509928363315,0
S3984,Nordihydroguaiaretic acid (NDGA),CC(CC1=CC=C(O)C(=C1)O)C(C)CC2=CC=C(O)C(=C2)O,0.879500377189774,1
S3990,Trans-Anethole,COC1=CC=C(\C=C\C)C=C1,0.3984729640259483,0
S3993,Ethyl Vanillate,CCOC(=O)C1=CC(=C(O)C=C1)OC,0.42312979565401365,0
S3996,Thioctic acid,OC(=O)CCCCC1CCSS1,0.26806424303508086,0
S3998,(+)-α-Lipoic acid,OC(=O)CCCCC1CCSS1,0.26806424303508086,0
S4017,Allylthiourea,NC(=S)NCC=C,0.3601456158167138,0
S4073,Sodium 4-Aminosalicylate,[Na+].NC1=CC(=C(C=C1)C([O-])=O)O,0.37583661787017686,0
S4083,Vitamin A Acetate,CC(=O)OC/C=C(C)/C=C/C=C(C)/C=C/C1=C(C)CCCC1(C)C,0.40136286805039684,0
S4084,Lomerizine 2HCl,Cl.Cl.COC1=C(OC)C(=C(CN2CCN(CC2)C(C3=CC=C(F)C=C3)C4=CC=C(F)C=C4)C=C1)OC,0.3893352911812295,0
S4118,Histamine 2HCl,Cl.Cl.NCCC1=C[NH]C=N1,0.34683260104073776,0
S4128,Troxipide,COC1=C(OC)C(=CC(=C1)C(=O)NC2CCCNC2)OC,0.3934011136884123,0
S4132,Deoxyarbutin,OC1=CC=C(OC2CCCCO2)C=C1,0.36535432328353684,0
S4170,Coumarin,O=C1OC2=C(C=CC=C2)C=C1,0.1668170577698794,0
S4198,Aminothiazole,NC1=NC=CS1,0.27839830325403553,0
S4206,Cysteamine HCl,Cl.NCCS,0.34095946227364876,0
S4238,Cepharanthine,COC1=C2OC3=CC=C(CC4N(C)CCC5=C4C(=C6OCOC6=C5)OC7=C(OC)C=C8CCN(C)C(CC(=C2)C=C1)C8=C7)C=C3,0.4320997782795362,0
S4261,EUK 134,COC1=C2O[Mn]|3|4(Cl)OC5=C(OC)C=CC=C5C=N|3CCN|4=CC2=CC=C1,,0
S4511,6-Benzylaminopurine,C(NC1=NC=NC2=C1[NH]C=N2)C3=CC=CC=C3,0.40296580329183634,0
S4539,Salicylic acid,OC(=O)C1=C(O)C=CC=C1,0.31876362304886413,0
S4543,Trimetazidine dihydrochloride,Cl.Cl.COC1=C(OC)C(=C(CN2CCNCC2)C=C1)OC,0.41798154358186573,0
S4550,Azelaic acid,OC(=O)CCCCCCCC(O)=O,0.23137939804136223,0
S4561,Danthron,OC1=CC=CC2=C1C(=O)C3=C(O)C=CC=C3C2=O,0.3208463931280002,0
S4603,Gallic acid,OC(=O)C1=CC(=C(O)C(=C1)O)O,0.4346817668468554,0
S4636,Teneligliptin hydrobromide,CC1=N[N](C2=CC=CC=C2)C(=C1)N3CCN(CC3)C4CNC(C4)C(=O)N5CCSC5,0.4544735428546462,0
S4648,Dantrolene sodium hemiheptahydrate,CCC1CN2CCC1CC2C(O)C3=C4C=C(OC)C=CC4=NC=C3,0.3602871937435562,0
S4676,Gluconolactone,OCC1OC(=O)C(O)C(O)C1O,0.37263998522096553,0
S4686,Vitamin E,CC(C)CCCC(C)CCCC(C)CCCC1(C)CCC2=C(C)C(=C(C)C(=C2O1)C)O,0.3960425022595211,0
S4697,Saxagliptin hydrate,O.NC(C(=O)N1C(CC2CC12)C#N)[C]34CC5[CH2]C(C[C](O)(C5)C3)C4,0.35446382374708924,0
S4701,2-Deoxy-D-glucose (2-DG),OCC1OC(O)CC(O)C1O,0.4119358236277853,0
S4706,Eugenol,COC1=C(O)C=CC(=C1)CC=C,0.4244566191063644,0
S4711,Esculetin,OC1=CC2=C(C=CC(=O)O2)C=C1O,0.34381054613193546,0
S4712,Diethylmaleate,CCOC(=O)\C=C/C(=O)OCC,0.26489137608017715,0
S4722,(+)-Catechin,OC1CC2=C(OC1C3=CC(=C(O)C=C3)O)C=C(O)C=C2O,0.6300511695484143,1
S4723,(-)Epicatechin,OC1CC2=C(OC1C3=CC(=C(O)C=C3)O)C=C(O)C=C2O,0.6300511695484143,1
S4731,Perphenazine,OCCN1CCN(CCCN2C3=CC=CC=C3SC4=C2C=C(Cl)C=C4)CC1,0.3261643444798102,0
S4732,MPTP hydrochloride,Cl.CN1CCC(=CC1)C2=CC=CC=C2,0.2769408319963738,0
S4735,Salvianolic acid B,OC(=O)C(CC1=CC(=C(O)C=C1)O)OC(=O)/C=C/C2=CC=C(O)C3=C2C(C(O3)C4=CC=C(O)C(=C4)O)C(=O)OC(CC5=CC=C(O)C(=C5)O)C(O)=O,0.6409065762413243,1
S4737,Psoralen,O=C1OC2=C(C=C1)C=C3C=COC3=C2,0.18603407952842396,0
S4739,Oxyresveratrol,OC1=CC=C(\C=C\C2=CC(=CC(=C2)O)O)C(=C1)O,0.5069705314544425,0
S4743,Wogonin,COC1=C(O)C=C(O)C2=C1OC(=CC2=O)C3=CC=CC=C3,0.22993523673036406,0
S4753,Ganoderic acid A,CC(CC(=O)CC(C)C(O)=O)C1CC(O)C2(C)C3=C(C(=O)CC12C)C4(C)CCC(=O)C(C)(C)C4CC3O,0.42481498088040015,0
S4759,p-Coumaric Acid,OC(=O)\C=C\C1=CC=C(O)C=C1,0.4588534129270791,0
S4761,Thymoquinone,CC(C)C1=CC(=O)C(=CC1=O)C,0.285281780615734,0
S4762,"2,4-Dihydroxyacetophenone",CC(=O)C1=C(O)C=C(O)C=C1,0.33765364391911656,0
S4763,4-Hydroxychalcone,OC1=CC=C(C=C1)/C=C/C(=O)C2=CC=CC=C2,0.3968161279233972,0
S4765,Syringaldehyde,COC1=C(O)C(=CC(=C1)C=O)OC,0.3804012144734961,0
S4766,Gibberellic acid,CC12C(O)C=CC3(OC1=O)C4CCC5(O)CC4(CC5=C)C(C23)C(O)=O,0.3897846481517061,0
S4771,β-thujaplicin,CC(C)C1=CC=CC(=O)C(=C1)O,0.2771061564723529,0
S4781,Xanthoxyline,COC1=CC(=C(C(C)=O)C(=C1)OC)O,0.33203244484832456,0
S4783,Benzyl isothiocyanate,S=C=NCC1=CC=CC=C1,0.33585868611446995,0
S4787,Methyl syringate,COC(=O)C1=CC(=C(O)C(=C1)OC)OC,0.3328961098005169,0
S4809,3-Indolepropionic acid,OC(=O)CCC1=C[NH]C2=C1C=CC=C2,0.33618713514253323,0
S4815,L-Cysteine HCl,Cl.NC(CS)C(O)=O,0.3127593888493262,0
S4849,Levocetirizine Dihydrochloride,Cl.Cl.OC(=O)COCCN1CCN(CC1)C(C2=CC=CC=C2)C3=CC=C(Cl)C=C3,0.3388213154415978,0
S4862,Squalene,CC(C)=CCC\C(C)=C\CC\C(C)=C\CC\C=C(C)\CC\C=C(C)\CCC=C(C)C,0.2763862222018573,0
S4866,Nicarbazin,CC1=NC(=NC(=C1)C)O.[O-][N+](=O)C2=CC=C(NC(=O)NC3=CC=C(C=C3)[N+]([O-])=O)C=C2,0.46003282453303046,0
S4902,QNZ (EVP4593),NC1=CC2=C(NCCC3=CC=C(OC4=CC=CC=C4)C=C3)N=CN=C2C=C1,0.33437355363139787,0
S4936,Antiarol,COC1=CC(=CC(=C1OC)OC)O,0.35207139999459086,0
S4937,4'-Hydroxychalcone,OC1=CC=C(C=C1)C(=O)\C=C\C2=CC=CC=C2,0.3925173869010686,0
S4940,Maltol,CC1=C(O)C(=O)C=CO1,0.2541212511460048,0
S4941,Farnesol,CC(C)=CCCC(/C)=C/CCC(/C)=C/CO,0.2708593526776428,0
S4957,Linalool,CC(C)=CCCC(C)(O)C=C,0.32030706395432834,0
S4963,Purpurin,OC1=CC(=C2C(=O)C3=C(C=CC=C3)C(=O)C2=C1O)O,0.3300756460966812,0
S4964,Lactobionic acid,OCC(O)C(OC1OC(CO)C(O)C(O)C1O)C(O)C(O)C(O)=O,0.3738303723660705,0
S4966,4-Methylesculetin,CC1=CC(=O)OC2=C1C=C(O)C(=C2)O,0.3029631360545607,0
S4977,Efonidipine,CC1=C(C(C2=CC(=CC=C2)[N+]([O-])=O)C(=C(C)N1)[P]3(=O)OCC(C)(C)CO3)C(=O)OCCN(CC4=CC=CC=C4)C5=CC=CC=C5,0.4262913029805195,0
S4981,Cyclogalegenol,CC(C)(O)C1CCC(C)(O1)C2C(O)CC3(C)C4CC(O)C5C(C)(C)C(O)CCC56CC46CCC23C,0.41215730744721224,0
S4990,TBHQ,CC(C)(C)C1=C(O)C=CC(=C1)O,0.4352025683851547,0
S5079,Sitagliptin,NC(CC(=O)N1CC[N]2C(=NN=C2C(F)(F)F)C1)CC3=C(F)C=C(F)C(=C3)F,0.42391105915800836,0
S5104,Tea polyphenol,,,0
S5105,Proanthocyanidins,OC1C(O)C(OC2CC3=C(OC2C4=CC=C(O)C(=C4)O)C=C(O)C=C3O)(OC5=C1C(=CC(=C5)O)O)C6=CC=C(O)C(=C6)O,0.6247849241564103,1
S5109,Ademetionine,C[S+](CCC(N)C([O-])=O)CC1OC(C(O)C1O)[N]2C=NC3=C2N=CN=C3N,0.3781356015977677,0
S5110,Safflower Yellow,OCC1OC(C(O)C(O)C1O)C2(O)C(=C(\C=C/3C(=O)C(=C(O)C(O)(C4OC(CO)C(O)C(O)C4O)C3=O)C(=O)\C=C\C5=CC=C(O)C=C5)C(=O)C(=C2O)C(=O)\C=C\C6=CC=C(O)C=C6)O,0.48696892104835193,0
S5113,Propyl gallate,CCCOC(=O)C1=CC(=C(O)C(=C1)O)O,0.42913683657498763,0
S5121,Phytol,CC(C)CCCC(C)CCCC(C)CCC\C(C)=C\CO,0.29464078572555813,0
S5133,Sodium erythorbate,OCC(O)C1OC(=O)C(=C1O[Na])O,0.39250115837419336,0
S5143,Citropten,COC1=CC2=C(C=CC(=O)O2)C(=C1)OC,0.1783081595563785,0
S5144,Neferine,COC1=CC=C(CC2N(C)CCC3=C2C=C(OC4=CC(=CC=C4O)CC5N(C)CCC6=C5C=C(OC)C(=C6)OC)C(=C3)OC)C=C1,0.42646606667475706,0
S5151,Gypenoside,CC1OC(OC2C(OCC(O)C2OC3OCC(O)C(O)C3O)OC4CCC5(C=O)C(CCC6(C)C5CCC7C(CCC67C)C(O)(CCC=C(C)C)COC8OC(CO)C(O)C(O)C8O)C4(C)C)C(O)C(O)C1O,0.47633244278427356,0
S5157,Thymol,CC(C)C1=CC=C(C)C=C1O,0.3399426391538662,0
S5174,Kojic acid,OCC1=CC(=O)C(=CO1)O,0.30678077818309774,0
S5221,Diludine,CCOC(=O)C1=C(C)NC(=C(C1)C(=O)OCC)C,0.3652668089263004,0
S5284,Adenosine 5'-monophosphate monohydrate,O.NC1=NC=NC2=C1N=C[N]2C3OC(CO[P](O)(O)=O)C(O)C3O,0.45547782805113457,0
S5312,Urolithin A,OC1=CC=C2C(=C1)OC(=O)C3=CC(=CC=C23)O,0.20952280094264955,0
S5314,"HTHQ (1-O-Hexyl-2,3,5-trimethylhydroquinone)",CCCCCCOC1=CC(=C(O)C(=C1C)C)C,0.2999718527655106,0
S5318,Acacetin,COC1=CC=C(C=C1)C2=CC(=O)C3=C(O2)C=C(O)C=C3O,0.2924627474329498,0
S5343,Vanillic acid,COC1=C(O)C=CC(=C1)C(O)=O,0.43734562323524306,0
S5345,(+/-)-nerolidol,CC(C)=CCC/C(C)=C/CCC(C)(O)C=C,0.3143612280412648,0
S5369,Ethoxyquin,CCOC1=CC2=C(NC(C)(C)C=C2C)C=C1,0.3903751513909567,0
S5380,7-Hydroxyflavone,OC1=CC=C2C(=O)C=C(OC2=C1)C3=CC=CC=C3,0.09350474076025567,0
S5440,Berberine Sulfate,COC1=C(OC)C2=C(C=C1)C=C3C4=C(CC[N+]3=C2)C=C5OCOC5=C4.O[S]([O-])(=O)=O,0.46682245341326795,0
S5450,Sofalcone,CC(C)=CCOC1=CC=C(/C=C/C(=O)C2=C(OCC(O)=O)C=C(OCC=C(C)C)C=C2)C=C1,0.4068995639495661,0
S5451,Ferulic acid methyl ester,COC(=O)\C=C\C1=CC=C(O)C(=C1)OC,0.572650860489533,0
S5453,Hyperoside,OCC1OC(OC2=C(OC3=C(C(=CC(=C3)O)O)C2=O)C4=CC(=C(O)C=C4)O)C(O)C(O)C1O,0.5412287740888092,0
S5456,Isobavachalcone,CC(C)=CCC1=C(O)C(=CC=C1O)C(=O)\C=C\C2=CC=C(O)C=C2,0.5595455822724708,0
S5457,Curculigoside,COC1=C(C(=O)OCC2=CC(=CC=C2OC3OC(CO)C(O)C(O)C3O)O)C(=CC=C1)OC,0.41561523254168464,0
S5458,Verbascoside,CC1OC(OC2C(O)C(OCCC3=CC=C(O)C(=C3)O)OC(CO)C2OC(=O)\C=C\C4=CC=C(O)C(=C4)O)C(O)C(O)C1O,0.5883829042682286,0
S5460,Vitexin-2-O-rhaMnoside,CC1OC(OC2C(O)C(O)C(CO)OC2C3=C(O)C=C(O)C4=C3OC(=CC4=O)C5=CC=C(O)C=C5)C(O)C(O)C1O,0.3808841055017519,0
S5464,Psoralidin,CC(C)=CCC1=CC2=C(OC(=O)C3=C2OC4=C3C=CC(=C4)O)C=C1O,0.3354896830653407,0
S5465,Morroniside,COC(=O)C1=COC(OC2OC(CO)C(O)C(O)C2O)C3C(C)OC(O)CC13,0.38815788474553575,0
S5466,Saikosaponin A,CC1OC(OC2CCC3(C)C(CCC4(C)C3C=CC56OCC7(CCC(C)(C)CC57)C(O)CC46C)C2(C)CO)C(O)C(OC8OC(CO)C(O)C(O)C8O)C1O,0.456187470405082,0
S5469,Bavachin,CC(C)=CCC1=CC2=C(OC(CC2=O)C3=CC=C(O)C=C3)C=C1O,0.45068297818497405,0
S5520,Phenidone,O=C1CCN(N1)C2=CC=CC=C2,0.6097728362886835,1
S5529,Galangin,OC1=CC2=C(C(=C1)O)C(=O)C(=C(O2)C3=CC=CC=C3)O,0.4048851603720368,0
S5548,7-Hydroxy-4-chromone,OC1=CC=C2C(=O)C=COC2=C1,0.1576905999442072,0
S5550,Ethyl gallate,CCOC(=O)C1=CC(=C(O)C(=C1)O)O,0.45457589987604,0
S5551,6-Paradol,CCCCCCCC(=O)CCC1=CC=C(O)C(=C1)OC,0.35172796920635796,0
S5558,D-Pantothenate Sodium,[Na+].CC(C)(CO)C(O)C(=O)NCCC([O-])=O,0.3685150129721851,0
S5600,Flavokawain A,COC1=CC=C(/C=C/C(=O)C2=C(OC)C=C(OC)C=C2O)C=C1,0.47825020089252374,0
S5604,Diphenylamine Hydrochloride,Cl.N(C1=CC=CC=C1)C2=CC=CC=C2,0.44590822379457257,0
S5616,4-Methylcatechol,CC1=CC(=C(O)C=C1)O,0.5328489049662846,0
S5623,Bedaquiline,COC1=NC2=CC=C(Br)C=C2C=C1C(C3=CC=CC=C3)C(O)(CCN(C)C)C4=CC=CC5=CC=CC=C45,0.32040849022177054,0
S5640,Ethyl caffeate,CCOC(=O)/C=C/C1=CC(=C(O)C=C1)O,0.6199254961118607,1
S5642,Homovanillic acid,COC1=C(O)C=CC(=C1)CC(O)=O,0.4448158738780351,0
S5686,Tryptanthrin,O=C1N2C3=C(C=CC=C3)C(=O)C2=NC4=CC=CC=C14,0.2719791145428215,0
S5688,Tropolone (NSC 89303),OC1=CC=CC=CC1=O,0.26922322693991074,0
S5757,Isoeugenol,COC1=C(O)C=CC(=C1)\C=C\C,0.5189642366745043,0
S5759,Methyl linoleate,CCCCC/C=C\C\C=C/CCCCCCCC(=O)OC,0.19134609465187377,0
S5771,Sulforaphane,C[S](=O)CCCCN=C=S,0.3997504173010306,0
S5779,Trimetazidine,COC1=CC=C(CN2CCNCC2)C(=C1OC)OC,0.39936371804310394,0
S5804,N-Acetylcysteine amide,CC(=O)NC(CS)C(N)=O,0.2636065524956985,0
S5834,p-Coumaric acid ethyl ester,CCOC(=O)\C=C\C1=CC=C(O)C=C1,0.41232139571113297,0
S5842,Cabergoline,CCNC(=O)N(CCCN(C)C)C(=O)C1CC2C(CC3=C[NH]C4=C3C2=CC=C4)N(CC=C)C1,0.43101910852933,0
S5851,4'-Methoxychalcone,COC1=CC=C(C=C1)C(=O)\C=C\C2=CC=CC=C2,0.36368384845592727,0
S5887,Khellin,COC1=C2OC(=CC(=O)C2=C(OC)C3=C1OC=C3)C,0.18727528617268582,0
S5928,Zerumbone,CC\1=C/CC(C)(C)\C=C\C(=O)\C(=C\CC1)C,0.3391568981110026,0
S5929,4-Octyl Itaconate,CCCCCCCCOC(=O)CC(=C)C(O)=O,0.22851201780510344,0
S6018,"2,3,4-Trihydroxybenzoic acid",OC(=O)C1=C(O)C(=C(O)C=C1)O,0.45512710889816876,0
S6071,"3,5-Dimethoxyphenol",COC1=CC(=CC(=C1)OC)O,0.32402594414952585,0
S6104,(±)-α-Tocopherol,CC(C)CCCC(C)CCCC(C)CCCC1(C)CCC2=C(C)C(=C(C)C(=C2O1)C)O,0.3960425022595211,0
S6125,Glycerol trilinoleate,CCCCC/C=C\C\C=C/CCCCCCCC(=O)OCC(COC(=O)CCCCCCC\C=C/C/C=C\CCCCC)OC(=O)CCCCCCC\C=C/C/C=C\CCCCC,0.22471875290740467,0
S6182,"L-Gulono-1,4-lactone",OCC(O)C1OC(=O)C(O)C1O,0.3651280395675558,0
S6202,Butylated hydroxytoluene,CC1=CC(=C(O)C(=C1)C(C)(C)C)C(C)(C)C,0.3286087417058646,0
S6228,Indole-2-carboxylic acid,OC(=O)C1=CC2=C([NH]1)C=CC=C2,0.31695688942579964,0
S6229,Lauryl gallate,CCCCCCCCCCCCOC(=O)C1=CC(=C(O)C(=C1)O)O,0.4140462770035226,0
S6243,Ethyl pyruvate,CCOC(=O)C(C)=O,0.24340146599308907,0
S6254,Hydrocinnamic acid,OC(=O)CCC1=CC=CC=C1,0.20948794890512906,0
S6264,Rutin hydrate,CC1OC(OCC2OC(OC3=C(OC4=C(C(=CC(=C4)O)O)C3=O)C5=CC(=C(O)C=C5)O)C(O)C(O)C2O)C(O)C(O)C1O,0.5346967979949994,0
S6293,"2,4-Dihydroxybenzoic acid",OC(=O)C1=C(O)C=C(O)C=C1,0.3325202751130636,0
S6294,"1,3,5-Trimethoxybenzene",COC1=CC(=CC(=C1)OC)OC,0.29438392115644596,0
S6323,"2,6-Dimethoxybenzoic acid",COC1=CC=CC(=C1C(O)=O)OC,0.26197427646252197,0
S6338,"3,4-Dihydroxyhydrocinnamic acid",OC(=O)CCC1=CC(=C(O)C=C1)O,0.5138467023906687,0
S6348,(+)-Delta-Tocopherol,CC(C)CCCC(C)CCCC(C)CCCC1(C)CCC2=C(O1)C(=CC(=C2)O)C,0.387620642248175,0
S6349,NADH Disodium Salt Hydrate,[Na+].[Na+].NC(=O)C1=CN(C=CC1)C2OC(CO[P]([O-])(=O)O[P]([O-])(=O)OCC3OC(C(O)C3O)[N]4C=NC5=C4N=CN=C5N)C(O)C2O,0.44170067686900594,0
S6402,2-Aminoethanethiol,NCCS,0.34519453143746076,0
S6420,AGI 1067,CC(C)(C)C1=C(O)C(=CC(=C1)SC(C)(C)SC2=CC(=C(OC(=O)CCC(O)=O)C(=C2)C(C)(C)C)C(C)(C)C)C(C)(C)C,0.23480596594235656,0
S6426,Hesperidin methylchalcone,COC1=C(O)C=C(/C=C/C(=O)C2=C(OC)C=C(OC3OC(COC4OC(C)C(O)C(O)C4O)C(O)C(O)C3O)C=C2O)C=C1,0.5079393240897151,0
S6429,Coniferyl alcohol,COC1=CC(=CC=C1O)/C=C/CO,0.549417725797901,0
S6441,Riboflavin Tetrabutyrate,CCCC(=O)OCC(OC(=O)CCC)C(OC(=O)CCC)C(CN1C2=C(C=C(C)C(=C2)C)N=C3C(=O)NC(=O)N=C13)OC(=O)CCC,0.4311221054863127,0
S6601,(±)-Equol,OC1=CC=C(C=C1)C2COC3=C(C2)C=CC(=C3)O,0.5650708130011054,0
S7149,NSC 319726,CC(=N\NC(=S)N1CCC1)/C2=NC=CC=C2,0.5334897120245006,0
S7171,Setanaxib (GKT137831),CN(C)C1=CC=CC(=C1)C2=C3C(=O)N(NC3=CC(=O)N2C)C4=CC=CC=C4Cl,0.48475881914644425,0
S7273,SC75741,O=C(NC1=NC2=CC=C(C=C2[NH]1)C(=O)C3=CC=CC=C3)C4=CSC(=N4)C5CCN(CC5)C6=C7SC=CC7=NC=N6,0.3676223664209786,0
S7317,WZ4003,CCC(=O)NC1=CC=CC(=C1)OC2=NC(=NC=C2Cl)NC3=C(OC)C=C(C=C3)N4CCN(C)CC4,0.3818827259038541,0
S7318,HTH-01-015,CN1C(=O)C2=C(C=C3C=CC=CC3=C2)N(C)C4=NC(=NC(=C14)C)NC5=C[N](N=C5)C6CCNCC6,0.5152200966219069,0
S7351,JSH-23,CC1=CC=C(NCCCC2=CC=CC=C2)C(=C1)N,0.3289879516824457,0
S7380,Leupeptin Hemisulfate,CC(C)CC(NC(C)=O)C(=O)NC(CC(C)C)C(=O)NC(CCCNC(N)=N)C=O,0.35143631323891794,0
S7414,Caffeic Acid Phenethyl Ester,OC1=CC=C(/C=C/C(=O)OCCC2=CC=CC=C2)C=C1O,0.5616674960023603,0
S7445,APX-3330,CCCCCCCCCC(=C/C1=C(C)C(=O)C(=C(OC)C1=O)OC)\C(O)=O,0.2771181204693856,0
S7448,CORM-3,Cl[Ru]1(NCC(=O)O1)(C=O)(C=O)C=O,0.5456630377110413,0
S7501,HO-3867,CC1(C)C=C(CN2C\C(=C/C3=CC=C(F)C=C3)C(=O)C(/C2)=C/C4=CC=C(F)C=C4)C(C)(C)N1O,0.5292063266570715,0
S7551,Piperlongumine,COC1=CC(=CC(=C1OC)OC)/C=C/C(=O)N2CCC=CC2=O,0.37871971565307705,0
S7589,N6022,CC1=C(C=CC(=C1)C(N)=O)[N]2C(=CC=C2C3=CC=C(C=C3)[N]4C=CN=C4)CCC(O)=O,0.2931769473589472,0
S7660,Obeticholic Acid,CCC1C(O)C2C3CCC(C(C)CCC(O)=O)C3(C)CCC2C4(C)CCC(O)CC14,0.38642282454338467,0
S7672,Omaveloxolone (RTA-408),CC1(C)CCC2(CCC3(C)C(C2C1)C(=O)C=C4C3(C)CCC5C(C)(C)C(=O)C(=CC45C)C#N)NC(=O)C(C)(F)F,0.43397411219330023,0
S7724,Eprenetapopt (APR-246),COCC1(CO)N2CCC(CC2)C1=O,0.3578129603261226,0
S7828,Licochalcone A,COC1=C(/C=C/C(=O)C2=CC=C(O)C=C2)C=C(C(=C1)O)C(C)(C)C=C,0.49543747575583164,0
S7864,Oltipraz,CC1=C(SSC1=S)C2=NC=CN=C2,0.3867411951402523,0
S7867,Oleuropein,COC(=O)C1=COC(OC2OC(CO)C(O)C(O)C2O)\C(=C\C)C1CC(=O)OCCC3=CC(=C(O)C=C3)O,0.5320300704029,0
S7889,Xanthohumol,COC1=C(C(=C(CC=C(C)C)C(=C1)O)O)C(=O)\C=C\C2=CC=C(O)C=C2,0.523804309457683,0
S7898,GSK621,COC1=CC(=CC=C1)N2C(=O)NC3=C([N](C(=C3)Cl)C4=CC=C(C=C4)C5=C(O)C(=CC=C5)OC)C2=O,0.3658797407807553,0
S7947,PX-12,CCC(C)SSC1=NC=C[NH]1,0.3859993286131898,0
S7953,ETC-1002,CC(C)(CCCCCC(O)CCCCCC(C)(C)C(O)=O)C(O)=O,0.2868840978512249,0
S7995,Ripasudil (K-115) hydrochloride dihydrate,O.O.Cl.CC1CNCCCN1[S](=O)(=O)C2=CC=CC3=CN=CC(=C23)F,0.6573046841965787,1
S8036,Butein,OC1=CC(=C(C=C1)C(=O)\C=C\C2=CC(=C(O)C=C2)O)O,0.6443606399207894,1
S8078,Bardoxolone Methyl,COC(=O)C12CCC(C)(C)CC1C3C(=O)C=C4C(C)(CCC5C(C)(C)C(=O)C(=CC45C)C#N)C3(C)CC2,0.4119569336136732,0
S8132,Deguelin,COC1=CC2=C(C=C1OC)C3C(CO2)OC4=C5C=CC(C)(C)OC5=CC=C4C3=O,0.37872360536086985,0
S8173,Verubecestat (MK-8931) Trifluoroacetate,CN1C(=N)NC(C)(C[S]1(=O)=O)C2=CC(=CC=C2F)NC(=O)C3=CC=C(F)C=N3.OC(=O)C(F)(F)F,0.6520859916716776,1
S8178,Wnt agonist 1,Cl.COC1=CC(=CC=C1)C2=NC(=NC(=C2)NCC3=CC=C4OCOC4=C3)N,0.3507843491595767,0
S8261,GSK583,CC(C)(C)[S](=O)(=O)C1=CC=C2N=CC=C(NC3=N[NH]C4=C3C=C(F)C=C4)C2=C1,0.6667755631664932,1
S8279,(±)-Shikonin,CC(C)=CCC(O)C1=CC(=O)C2=C(O)C=CC(=C2C1=O)O,0.46457904788289056,0
S8281,CCF642,COC1=CC=C(C=C1)N2C(=S)S\C(=C/C3=CC=C(S3)[N+]([O-])=O)C2=O,0.46233055889179386,0
S8288,VLX1570,[O-][N+](=O)C1=C(F)C=CC(=C1)\C=C2/CCN(C\C(=C/C3=CC=C(F)C(=C3)[N+]([O-])=O)C2=O)C(=O)C=C,0.4797693239409427,0
S8289,NQDI-1,CCOC(=O)C1=C2C3=C(C=CC=C3)C(=O)C4=C2C(=CC=C4)NC1=O,0.3526739740704468,0
S8291,Atractylenolide I,CC1=C2CC3C(=C)CCCC3(C)C=C2OC1=O,0.3445237929835741,0
S8319,"7,8-Dihydroxyflavone",OC1=CC=C2C(=O)C=C(OC2=C1O)C3=CC=CC=C3,0.26067302339443366,0
S8335,PF-06409577,OC(=O)C1=C[NH]C2=CC(=C(C=C12)C3=CC=C(C=C3)C4(O)CCC4)Cl,0.36511794905403244,0
S8358,WNK463,CC(C)(C)NC(=O)C1=CN=C[N]1C2CCN(CC2)C3=NC=C(C=C3)C4=NN=C(O4)C(F)(F)F,0.48399008808694555,0
S8370,BGP-15 2HCl,Cl.Cl.NC(=N\OCC(O)CN1CCCCC1)/C2=CC=CN=C2,0.456063525119284,0
S8405,RRx-001,[O-][N+](=O)C1(CN(C1)C(=O)CBr)[N+]([O-])=O,0.4191128137407061,0
S8432,Troglitazone (CS-045),CC1=C(O)C(=C2CCC(C)(COC3=CC=C(CC4SC(=O)NC4=O)C=C3)OC2=C1C)C,0.45393903421425336,0
S8447,8-OH-DPAT (8-Hydroxy-DPAT),CCCN(CCC)C1CCC2=CC=CC(=C2C1)O,0.37268452479573166,0
S8483,CBL0137 HCl,Cl.CC(C)NCC[N]1C2=C(C=C(C=C2)C(C)=O)C3=C1C=CC(=C3)C(C)=O,0.30364152858985866,0
S8484,GSK2982772,CN1C(=O)C(COC2=CC=CC=C12)NC(=O)C3=N[NH]C(=N3)CC4=CC=CC=C4,0.5228830816447453,0
S8493,PD-166866 (PD166866),COC1=CC(=CC(=C1)C2=CC3=C(N=C(N)N=C3)N=C2NC(=O)NC(C)(C)C)OC,0.30278256799111647,0
S8558,Tofogliflozin(CSG 452),O.CCC1=CC=C(CC2=CC3=C(COC34OC(CO)C(O)C(O)C4O)C=C2)C=C1,0.4332842892007616,0
S8564,Verubecestat (MK-8931),CN1C(=N)NC(C)(C[S]1(=O)=O)C2=CC(=CC=C2F)NC(=O)C3=CC=C(F)C=N3,0.6848801999830194,1
S8642,GSK'963,CC(C)(C)C(=O)N1N=CCC1C2=CC=CC=C2,0.4135139228496361,0
S8654,ex229 (compound 991),C[N]1C=CC2=C1C=CC(=C2)C3=C(Cl)C=C4[NH]C(=NC4=C3)OC5=CC(=C(C)C=C5)C(O)=O,0.37411901649945684,0
S8662,PTC-028,CC1=NC2=C(C=C(F)C(=C2)F)[N]1C3=CN=CC(=N3)NC4=CC=C(C=C4)C(F)(F)F,0.37897502628569474,0
S8790,ML385,CC1=C(N=C(NC(=O)CC2=CC3=C(OCO3)C=C2)S1)C4=CC=C5N(CCC5=C4)C(=O)C6=C(C)C=CC=C6,0.3491382430059415,0
S8803,MK-3903,CC1=CC=C(OC2=NC3=CC(=C(C=C3[NH]2)C4=CC=C(C=C4)C5=CC=CC=C5)Cl)C=C1C(O)=O,0.33721228119886987,0
S8818,V-9302,CC1=CC(=CC=C1)COC2=C(CN(CCC(N)C(O)=O)CC3=CC=CC=C3OCC4=CC=CC(=C4)C)C=CC=C2,0.3743823378924325,0
S9013,Paulownin,OC12COC(C1COC2C3=CC4=C(OCO4)C=C3)C5=CC6=C(OCO6)C=C5,0.49399468658856754,0
S9017,Columbianadin,C\C=C(C)/C(=O)OC(C)(C)C1CC2=C(O1)C=CC3=C2OC(=O)C=C3,0.31962316147957864,0
S9018,Luteoloside,OCC1OC(OC2=CC3=C(C(=C2)O)C(=O)C=C(O3)C4=CC=C(O)C(=C4)O)C(O)C(O)C1O,0.5141439397996764,0
S9021,(20R)Ginsenoside Rg3,CC(C)=CCCC(C)(O)C1CCC2(C)C1C(O)CC3C4(C)CCC(OC5OC(CO)C(O)C(O)C5OC6OC(CO)C(O)C(O)C6O)C(C)(C)C4CCC23C,0.46621133652531577,0
S9022,20S-Ginsenoside Rg3,CC(C)=CCCC(C)(O)C1CCC2(C)C1C(O)CC3C4(C)CCC(OC5OC(CO)C(O)C(O)C5OC6OC(CO)C(O)C(O)C6O)C(C)(C)C4CCC23C,0.46621133652531577,0
S9026,Hastatoside,COC(=O)C1=COC(OC2OC(CO)C(O)C(O)C2O)C3C(C)CC(=O)C13O,0.39782781394467154,0
S9031,Gambogenic acid,CC(C)=CCC/C(C)=C/CC1=C(O)C2=C(OC34C5CC(C=C3C2=O)C(=O)C4(C\C=C(\C)C(O)=O)OC5(C)C)C(=C1O)CC=C(C)C,0.43456047393936914,0
S9032,Sanguinarine,C[N+]1=CC2=C3OCOC3=CC=C2C4=C1C5=CC6=C(OCO6)C=C5C=C4,0.37763535828638956,0
S9033,Incensole acetate,CC(C)C12CCC(C)(O1)C(CC/C(=C/CC\C(=C\C2)C)C)OC(C)=O,0.4123209397349828,0
S9034,Isochlorogenic acid C,OC1CC(O)(CC(OC(=O)\C=C\C2=CC=C(O)C(=C2)O)C1OC(=O)\C=C\C3=CC=C(O)C(=C3)O)C(O)=O,0.6309605637971704,1
S9035,Isovitexin,OCC1OC(C(O)C(O)C1O)C2=C(O)C3=C(OC(=CC3=O)C4=CC=C(O)C=C4)C=C2O,0.3773795114603415,0
S9036,(20R)Ginsenoside Rh2,CC(C)=CCCC(C)(O)C1CCC2(C)C1C(O)CC3C4(C)CCC(OC5OC(CO)C(O)C(O)C5O)C(C)(C)C4CCC23C,0.45234845565508613,0
S9038,Calycosin,COC1=C(O)C=C(C=C1)C2=COC3=C(C=CC(=C3)O)C2=O,0.21055691647303856,0
S9040,Maslinic acid,CC1(C)CCC2(CCC3(C)C(=CCC4C5(C)CC(O)C(O)C(C)(C)C5CCC34C)C2C1)C(O)=O,0.5111833571928315,0
S9041,Corosolic acid,CC1CCC2(CCC3(C)C(=CCC4C5(C)CC(O)C(O)C(C)(C)C5CCC34C)C2C1C)C(O)=O,0.47792040937720953,0
S9042,Wedelolactone,COC1=CC2=C(C(=C1)O)C3=C(C(=O)O2)C4=C(O3)C=C(O)C(=C4)O,0.3218412277781459,0
S9043,6-Shogaol,CCCCC/C=C/C(=O)CCC1=CC=C(O)C(=C1)OC,0.34740847097571786,0
S9046,Berberine,COC1=C(OC)C2=C(C=C1)C=C3C4=C(CC[N+]3=C2)C=C5OCOC5=C4,0.40077491254184505,0
S9047,Leonurine Hydrochloride,Cl.COC1=C(O)C(=CC(=C1)C(=O)OCCCCNC(N)=N)OC,0.39139630570234946,0
S9048,(+)-Gallocatechin,OC1CC2=C(OC1C3=CC(=C(O)C(=C3)O)O)C=C(O)C=C2O,0.49169563559844176,0
S9052,Auraptene,CC(C)=CCC/C(C)=C/COC1=CC2=C(C=CC(=O)O2)C=C1,0.18041846970441514,0
S9055,Salvianolic acid A,OC(=O)C(CC1=CC(=C(O)C=C1)O)OC(=O)\C=C\C2=C(/C=C/C3=CC(=C(O)C=C3)O)C(=C(O)C=C2)O,0.6381263649461317,1
S9057,Sinigrin,[K+].OCC1OC(S\C(CC=C)=N\O[S]([O-])(=O)=O)C(O)C(O)C1O,0.4896420842325628,0
S9058,Gallocatechin gallate,OC1=CC2=C(CC(OC(=O)C3=CC(=C(O)C(=C3)O)O)C(O2)C4=CC(=C(O)C(=C4)O)O)C(=C1)O,0.44922914674894593,0
S9059,4'-O-Glucosylvitexin,OCC1OC(OC2=CC=C(C=C2)C3=CC(=O)C4=C(O3)C(=C(O)C=C4O)C5OC(CO)C(O)C(O)C5O)C(O)C(O)C1O,0.3852950604824139,0
S9061,Hydroxy safflor yellow A,OCC1OC(C(O)C(O)C1O)C2=C(O)C(O)(C3OC(CO)C(O)C(O)C3O)C(=C(C(=O)\C=C\C4=CC=C(O)C=C4)C2=O)O,0.47084885507867097,0
S9064,Trilobatin,OCC1OC(OC2=CC(=C(C(=O)CCC3=CC=C(O)C=C3)C(=C2)O)O)C(O)C(O)C1O,0.4322235393030269,0
S9070,Isoxanthohumol,COC1=CC(=C(CC=C(C)C)C2=C1C(=O)CC(O2)C3=CC=C(O)C=C3)O,0.4402369648005827,0
S9071,Nootkatone,CC1CC(=O)C=C2CCC(CC12C)C(C)=C,0.3700798677617236,0
S9073,Lithospermoside,OCC1OC(OC\2C(O)C(O)C=CC2=C/C#N)C(O)C(O)C1O,0.4173214789999255,0
S9076,Typhaneoside,COC1=CC(=CC=C1O)C2=C(OC3OC(COC4OC(C)C(O)C(O)C4O)C(O)C(O)C3OC5OC(C)C(O)C(O)C5O)C(=O)C6=C(O2)C=C(O)C=C6O,0.44892830249380894,0
S9077,Plantamajoside,OCC1OC(OC2C(O)C(OCCC3=CC=C(O)C(=C3)O)OC(CO)C2OC(=O)\C=C\C4=CC=C(O)C(=C4)O)C(O)C(O)C1O,0.5989965960094078,0
S9080,Anhydroicaritin,COC1=CC=C(C=C1)C2=C(O)C(=O)C3=C(O)C=C(O)C(=C3O2)CC=C(C)C,0.38785665413644393,0
S9083,Rhapontin,COC1=C(O)C=C(C=C1)/C=C/C2=CC(=CC(=C2)O)OC3OC(CO)C(O)C(O)C3O,0.505336137627371,0
S9084,Rhoifolin,CC1OC(OC2C(O)C(O)C(CO)OC2OC3=CC4=C(C(=C3)O)C(=O)C=C(O4)C5=CC=C(O)C=C5)C(O)C(O)C1O,0.37486513490223744,0
S9088,Calycosin-7-O-beta-D-glucoside,COC1=C(O)C=C(C=C1)C2=COC3=C(C=CC(=C3)OC4OC(CO)C(O)C(O)C4O)C2=O,0.3213099140741841,0
S9089,Magnoflorine,COC1=C(O)C2=C(CC3C4=C2C(=C(OC)C=C4CC[N+]3(C)C)O)C=C1,0.4177758847866894,0
S9090,Corilagin,OC1C2COC(=O)C3=CC(=C(O)C(=C3C4=C(C=C(O)C(=C4O)O)C(=O)OC1C(O)C(O2)OC(=O)C5=CC(=C(O)C(=C5)O)O)O)O,0.44444693900400645,0
S9091,10-Gingerol,CCCCCCCCCC(O)CC(=O)CCC1=CC=C(O)C(=C1)OC,0.42605103307045594,0
S9094,Pogostone,CC(C)CCC(=O)C1=C(O)C=C(C)OC1=O,0.3061450969610025,0
S9095,Senegenin,CC1(C)CCC2(CCC3=C(C(CCl)CC4C5(C)CC(O)C(O)C(C)(C5CCC34C)C(O)=O)C2C1)C(O)=O,0.4700544312520423,0
S9098,Dehydrodiisoeugenol,COC1=C(O)C=CC(=C1)C2OC3=C(C=C(\C=C\C)C=C3OC)C2C,0.5588175177017711,0
S9099,Orientin,OCC1OC(C(O)C(O)C1O)C2=C(O)C=C(O)C3=C2OC(=CC3=O)C4=CC(=C(O)C=C4)O,0.5081569257688935,0
S9106,Eleutheroside E,COC1=C(OC2OC(CO)C(O)C(O)C2O)C(=CC(=C1)C3OCC4C3COC4C5=CC(=C(OC6OC(CO)C(O)C(O)C6O)C(=C5)OC)OC)OC,0.5071074328954024,0
S9107,Glycitein,COC1=CC2=C(OC=C(C2=O)C3=CC=C(O)C=C3)C=C1O,0.18993477441935602,0
S9108,Timosaponin A3,CC1CCC2(OC1)OC3CC4C5CCC6CC(CCC6(C)C5CCC4(C)C3C2C)OC7OC(CO)C(O)C(O)C7OC8OC(CO)C(O)C(O)C8O,0.49079447165901574,0
S9112,Kaempferitrin,CC1OC(OC2=CC3=C(C(=C2)O)C(=O)C(=C(O3)C4=CC=C(O)C=C4)OC5OC(C)C(O)C(O)C5O)C(O)C(O)C1O,0.4110450620686831,0
S9113,Ononin,COC1=CC=C(C=C1)C2=COC3=C(C=CC(=C3)OC4OC(CO)C(O)C(O)C4O)C2=O,0.2892196126056243,0
S9115,Wogonoside,COC1=C(OC2OC(C(O)C(O)C2O)C(O)=O)C=C(O)C3=C1OC(=CC3=O)C4=CC=CC=C4,0.3025674408372465,0
S9120,Scutellarein,OC1=CC=C(C=C1)C2=CC(=O)C3=C(O2)C=C(O)C(=C3O)O,0.339671941016502,0
S9121,Irigenin,COC1=C(OC)C(=CC(=C1)C2=COC3=CC(=C(OC)C(=C3C2=O)O)O)O,0.25179894283988513,0
S9122,Tectorigenin,COC1=C(O)C2=C(OC=C(C2=O)C3=CC=C(O)C=C3)C=C1O,0.20794789405457328,0
S9125,Apigetrin,OCC1OC(OC2=CC3=C(C(=C2)O)C(=O)C=C(O3)C4=CC=C(O)C=C4)C(O)C(O)C1O,0.3841740497991478,0
S9126,Schizandrol B,COC1=CC2=C(C(=C1OC)OC)C3=C(CC(C)C(C)(O)C2)C=C4OCOC4=C3OC,0.4211423904686399,0
S9127,Carnosol,CC(C)C1=CC2=C(C(=C1O)O)C34CCCC(C)(C)C3CC2OC4=O,0.3931824524900822,0
S9129,20(S)-Ginsenoside Rh1,CC(C)=CCCC(C)(O)C1CCC2(C)C1C(O)CC3C4(C)CCC(O)C(C)(C)C4C(CC23C)OC5OC(CO)C(O)C(O)C5O,0.448321594274193,0
S9134,Spinosin,COC1=CC2=C(C(=C1C3OC(CO)C(O)C(O)C3OC4OC(CO)C(O)C(O)C4O)O)C(=O)C=C(O2)C5=CC=C(O)C=C5,0.3619552759144525,0
S9136,Neochlorogenic acid,OC1CC(O)(CC(OC(=O)\C=C\C2=CC=C(O)C(=C2)O)C1O)C(O)=O,0.61183944225025,1
S9139,5-Methyl-7-methoxyisoflavone,COC1=CC2=C(C(=C1)C)C(=O)C(=CO2)C3=CC=CC=C3,0.1347352290584476,0
S9146,Anwuligan,COC1=C(O)C=CC(=C1)CC(C)C(C)CC2=CC3=C(OCO3)C=C2,0.5981549282587565,0
S9152,Epiberberine,COC1=C(OC)C=C2C(=C1)CC[N+]3=C2C=C4C=CC5=C(OCO5)C4=C3,0.40159592721579707,0
S9155,Aurantio-obtusin,COC1=C(O)C2=C(C=C1O)C(=O)C3=C(C2=O)C(=C(O)C(=C3)C)OC,0.3329437692153491,0
S9163,Rhapontigenin,COC1=CC=C(/C=C/C2=CC(=CC(=C2)O)O)C=C1O,0.543035445193016,0
S9170,Engeletin,CC1OC(OC2C(OC3=C(C(=CC(=C3)O)O)C2=O)C4=CC=C(O)C=C4)C(O)C(O)C1O,0.4212597993424106,0
S9172,Phellodendrine,COC1=C(O)C=C2C3CC4=C(C[N+]3(C)CCC2=C1)C=C(OC)C(=C4)O,0.46746880634839283,0
S9173,Sec-O-Glucosylhamaudol,CC1=CC(=O)C2=C(O)C3=C(OC(C)(C)C(C3)OC4OC(CO)C(O)C(O)C4O)C=C2O1,0.3979289431339985,0
S9174,Xanthotoxol,OC1=C2OC(=O)C=CC2=CC3=C1OC=C3,0.2466343857070671,0
S9178,Sinapine thiocyanate,COC1=CC(=CC(=C1O)OC)/C=C/C(=O)OCC[N+](C)(C)C.[S-]C#N,0.4364038499691337,0
S9180,Tussilagone,CC/C(C)=C/C(=O)OC1CC(C(C)C)C2C(CC(=O)C2C(C)OC(C)=O)C1=C,0.3177916368445933,0
S9184,Forsythoside B,CC1OC(OC2C(O)C(OCCC3=CC=C(O)C(=C3)O)OC(COC4OCC(O)(CO)C4O)C2OC(=O)/C=C/C5=CC(=C(O)C=C5)O)C(O)C(O)C1O,0.5936103648609352,0
S9189,Oroxin A,OCC1OC(OC2=CC3=C(C(=O)C=C(O3)C4=CC=CC=C4)C(=C2O)O)C(O)C(O)C1O,0.3154967808996319,0
S9190,Oroxin B,OCC1OC(OCC2OC(OC3=C(O)C(=C4C(=O)C=C(OC4=C3)C5=CC=CC=C5)O)C(O)C(O)C2O)C(O)C(O)C1O,0.3226202477033418,0
S9204,Oroxylin A,COC1=C(O)C2=C(OC(=CC2=O)C3=CC=CC=C3)C=C1O,0.21048842055582384,0
S9205,Hydroxygenkwanin,COC1=CC2=C(C(=C1)O)C(=O)C=C(O2)C3=CC=C(O)C(=C3)O,0.48665413202856905,0
S9211,Eriocitrin,CC1OC(OCC2OC(OC3=CC(=C4C(=O)CC(OC4=C3)C5=CC=C(O)C(=C5)O)O)C(O)C(O)C2O)C(O)C(O)C1O,0.5406532153910794,0
S9217,Complanatuside,COC1=CC2=C(C(=C1)O)C(=O)C(=C(O2)C3=CC=C(OC4OC(CO)C(O)C(O)C4O)C=C3)OC5OC(CO)C(O)C(O)C5O,0.40016282770498357,0
S9221,Ferulaldehyde,COC1=CC(=CC=C1O)\C=C\C=O,0.5136080725565095,0
S9225,Santalol,CC(\CO)=C/CCC1(C)C2CCC(C2)C1=C,0.3548933735085991,0
S9227,Sinensetin,COC1=CC=C(C=C1OC)C2=CC(=O)C3=C(O2)C=C(OC)C(=C3OC)OC,0.20596167030441664,0
S9228,Schisandrin C,COC1=C2OCOC2=CC3=C1C4=C(CC(C)C(C)C3)C=C5OCOC5=C4OC,0.3853216084246383,0
S9230,Vaccarin,OCC1OC(OC2=CC=C(C=C2)C3=CC(=O)C4=C(O)C(=C(O)C=C4O3)C5OC(CO)C(O)C(O)C5OC6OCC(O)C(O)C6O)C(O)C(O)C1O,0.4272360802615025,0
S9231,Schisanhenol,COC1=C(OC)C(=C2C(=C1)CC(C)C(C)CC3=CC(=C(OC)C(=C23)OC)OC)O,0.3845401945875347,0
S9234,Schaftoside,OCC1OC(C(O)C(O)C1O)C2=C(O)C3=C(OC(=CC3=O)C4=CC=C(O)C=C4)C(=C2O)C5OCC(O)C(O)C5O,0.41412378260458477,0
S9240,Isofraxidin,COC1=CC2=C(OC(=O)C=C2)C(=C1O)OC,0.2433572913065734,0
S9242,Narirutin,CC1OC(OCC2OC(OC3=CC(=C4C(=O)CC(OC4=C3)C5=CC=C(O)C=C5)O)C(O)C(O)C2O)C(O)C(O)C1O,0.4566368897015357,0
S9243,Protosappanin B,OCC1(O)COC2=CC(=CC=C2C3=CC(=C(O)C=C3C1)O)O,0.5084232863116788,0
S9250,Isosilybin,COC1=C(O)C=CC(=C1)C2OC3=C(OC2CO)C=C(C=C3)C4OC5=C(C(=CC(=C5)O)O)C(=O)C4O,0.4626170413685285,0
S9255,Isoscopoletin,COC1=CC2=C(C=CC(=O)O2)C=C1O,0.1900934561264938,0
S9256,Isobavachin,CC(C)=CCC1=C2OC(CC(=O)C2=CC=C1O)C3=CC=C(O)C=C3,0.4859583631762075,0
S9259,Lithospermic acid,OC(=O)C(CC1=CC(=C(O)C=C1)O)OC(=O)/C=C/C2=CC=C(O)C3=C2C(C(O3)C4=CC(=C(O)C=C4)O)C(O)=O,0.6465293468054699,1
S9260,Nodakenin,CC(C)(OC1OC(CO)C(O)C(O)C1O)C2CC3=CC4=C(OC(=O)C=C4)C=C3O2,0.3782568657178355,0
S9267,Epimedin A,COC1=CC=C(C=C1)C2=C(OC3OC(C)C(O)C(O)C3OC4OC(CO)C(O)C(O)C4O)C(=O)C5=C(O)C=C(OC6OC(CO)C(O)C(O)C6O)C(=C5O2)CC=C(C)C,0.4123388358814309,0
S9274,Isochlorogenic acid B,OC1CC(O)(CC(OC(=O)\C=C\C2=CC=C(O)C(=C2)O)C1OC(=O)\C=C\C3=CC=C(O)C(=C3)O)C(O)=O,0.6309605637971704,1
S9280,Demethoxycurcumin,COC1=CC(=CC=C1O)\C=C\C(=O)CC(=O)\C=C\C2=CC=C(O)C=C2,0.5981369222990839,0
S9282,Isochlorogenic acid A,OC1C(CC(O)(CC1OC(=O)\C=C\C2=CC=C(O)C(=C2)O)C(O)=O)OC(=O)\C=C\C3=CC(=C(O)C=C3)O,0.6173097748661653,1
S9286,Neobavaisoflavone,CC(C)=CCC1=CC(=CC=C1O)C2=COC3=C(C=CC(=C3)O)C2=O,0.3333318358595229,0
S9287,Genkwanin,COC1=CC2=C(C(=C1)O)C(=O)C=C(O2)C3=CC=C(O)C=C3,0.26554916186167477,0
S9289,Astragalin,OCC1OC(OC2=C(OC3=C(C(=CC(=C3)O)O)C2=O)C4=CC=C(O)C=C4)C(O)C(O)C1O,0.4313021868578374,0
S9293,Isoliquiritin,OCC1OC(OC2=CC=C(\C=C\C(=O)C3=C(O)C=C(O)C=C3)C=C2)C(O)C(O)C1O,0.49856217923680174,0
S9297,Kirenol,CC1(CO)CC(O)CC2(C)C3CCC(C)(C=C3CCC12)C(O)CO,0.46596656220843147,0
S9298,Corylin,CC1(C)OC2=CC=C(C=C2C=C1)C3=COC4=CC(=CC=C4C3=O)O,0.23844968661093072,0
S9299,Ginsenoside F1,CC(C)=CCCC(C)(OC1OC(CO)C(O)C(O)C1O)C2CCC3(C)C2C(O)CC4C5(C)CCC(O)C(C)(C)C5C(O)CC34C,0.454759992057387,0
S9312,Cyanidin-3-O-glucoside chloride,[Cl-].OCC1OC(OC2=C([O+]=C3C=C(O)C=C(O)C3=C2)C4=CC(=C(O)C=C4)O)C(O)C(O)C1O,0.5364309247327724,0
S9315,Praeruptorin A,C\C=C(C)/C(=O)OC1C(OC(C)=O)C2=C(OC1(C)C)C=CC3=C2OC(=O)C=C3,0.32842981138374955,0
S9318,(20R)-Ginsenoside Rh1,CC(C)=CCCC(C)(O)C1CCC2(C)C1C(O)CC3C4(C)CCC(O)C(C)(C)C4C(CC23C)OC5OC(CO)C(O)C(O)C5O,0.448321594274193,0
S9319,Cryptochlorogenic acid,OC1CC(O)(CC(O)C1OC(=O)\C=C\C2=CC=C(O)C(=C2)O)C(O)=O,0.6296050784356702,1
S9322,Neodiosmin,COC1=CC=C(C=C1O)C2=CC(=O)C3=C(O2)C=C(OC4OC(CO)C(O)C(O)C4OC5OC(C)C(O)C(O)C5O)C=C3O,0.385727464549134,0
S9328,"5,6,7-Trimethoxyflavone",COC1=CC2=C(C(=O)C=C(O2)C3=CC=CC=C3)C(=C1OC)OC,0.16165843344192335,0
S9329,Orcinol,CC1=CC(=CC(=C1)O)O,0.3530451861791839,0
S9338,Octyl gallate,CCCCCCCCOC(=O)C1=CC(=C(O)C(=C1)O)O,0.4140462770035226,0
S9355,"2,4'-Dihydroxybenzophenone",OC1=CC=C(C=C1)C(=O)C2=CC=CC=C2O,0.32584678498846803,0
S9375,2'-Hydroxyacetophenone,CC(=O)C1=CC=CC=C1O,0.2937189122249634,0
S9378,"4',5-Dihydroxyflavone",OC1=CC=C(C=C1)C2=CC(=O)C3=C(O2)C=CC=C3O,0.3142480879757379,0
S9380,"5,7-Dihydroxy-4-methylcoumarin",CC1=CC(=O)OC2=C1C(=CC(=C2)O)O,0.29183424719129375,0
S9384,Sophocarpine Monohydrate,O.O=C1C=CCC2C3CCCN4CCCC(CN12)C34,0.3510249392101141,0
S9387,Maackiain,OC1=CC2=C(C=C1)C3OC4=C(C=C5OCOC5=C4)C3CO2,0.41673183911546563,0
S9397,Alliin,NC(C[S](=O)CC=C)C(O)=O,0.429652251530539,0
S9399,"1,2,3,4,6-O-Pentagalloylglucose",OC1=C(O)C(=CC(=C1)C(=O)OCC2OC(OC(=O)C3=CC(=C(O)C(=C3)O)O)C(OC(=O)C4=CC(=C(O)C(=C4)O)O)C(OC(=O)C5=CC(=C(O)C(=C5)O)O)C2OC(=O)C6=CC(=C(O)C(=C6)O)O)O,0.5159353119285877,0
S9401,"3,6'-Disinapoyl sucrose",COC1=CC(=CC(=C1O)OC)\C=C\C(=O)OCC2OC(OC3(CO)OC(CO)C(O)C3OC(=O)/C=C/C4=CC(=C(O)C(=C4)OC)OC)C(O)C(O)C2O,0.5321717648968207,0
S9402,(20R)-Protopanaxadiol,CC(C)=CCCC(C)(O)C1CCC2(C)C1C(O)CC3C4(C)CCC(O)C(C)(C)C4CCC23C,0.45729777253462073,0
S9403,Ecliptasaponin A,CC1(C)CCC2(C(O)CC3(C)C(=CCC4C5(C)CCC(OC6OC(CO)C(O)C(O)C6O)C(C)(C)C5CCC34C)C2C1)C(O)=O,0.45697722074187413,0
S9406,Sauchinone,CC1CC2C3C(C1C)C4=C(OC35OCOC5=CC2=O)C=C6OCOC6=C4,0.3519394084561509,0
S9407,Angoroside C,COC1=CC=C(CCOC2OC(COC3OCC(O)C(O)C3O)C(OC(=O)/C=C/C4=CC=C(O)C(=C4)OC)C(OC5OC(C)C(O)C(O)C5O)C2O)C=C1O,0.5900978597863512,0
S9409,Kavain,COC1=CC(=O)OC(C1)\C=C\C2=CC=CC=C2,0.32082636994948255,0
S9411,Liensinine,COC1=CC2=C(C=C1OC)C(CC3=CC=C(O)C(=C3)OC4=CC5=C(CCN(C)C5CC6=CC=C(O)C=C6)C=C4OC)N(C)CC2,0.46034397278912004,0
S9412,Flavokawain B,COC1=CC(=C(C(=C1)O)C(=O)\C=C\C2=CC=CC=C2)OC,0.44290359560017806,0
S9417,Homoplantaginin,COC1=C(OC2OC(CO)C(O)C(O)C2O)C=C3OC(=CC(=O)C3=C1O)C4=CC=C(O)C=C4,0.34886856241201086,0
S9418,Parishin B,OCC1OC(OC2=CC=C(COC(=O)CC(O)(CC(O)=O)C(=O)OCC3=CC=C(OC4OC(CO)C(O)C(O)C4O)C=C3)C=C2)C(O)C(O)C1O,0.3994207110033052,0
S9421,Demethylnobiletin,COC1=CC=C(C=C1OC)C2=CC(=O)C3=C(O2)C(=C(OC)C(=C3O)OC)OC,0.23858310214625347,0
S9423,Narcissoside,COC1=C(O)C=CC(=C1)C2=C(OC3OC(COC4OC(C)C(O)C(O)C4O)C(O)C(O)C3O)C(=O)C5=C(O)C=C(O)C=C5O2,0.45132272000055845,0
S9425,Trifolirhizin,OCC1OC(OC2=CC3=C(C=C2)C4OC5=C(C=C6OCOC6=C5)C4CO3)C(O)C(O)C1O,0.4749292584655342,0
S9428,Brazilin,OC1=CC2=C(C=C1)C3C4=CC(=C(O)C=C4CC3(O)CO2)O,0.5248923540866878,0
S9432,Ginkgolic Acid,CCCCCC\C=C/CCCCCCCC1=CC=CC(=C1C(O)=O)O,0.2931761532469362,0
S9434,8-Gingerol,CCCCCCCC(O)CC(=O)CCC1=CC=C(O)C(=C1)OC,0.42605103307045594,0
S9437,Echinatin,COC1=CC(=CC=C1\C=C\C(=O)C2=CC=C(O)C=C2)O,0.4677920778968994,0
S9438,Isosakuranetin,COC1=CC=C(C=C1)C2CC(=O)C3=C(O2)C=C(O)C=C3O,0.40403917926173083,0
S9440,Naringenin chalcone,OC1=CC=C(C=C1)/C=C/C(=O)C2=C(O)C=C(O)C=C2O,0.5099524608004371,0
S9441,Sibiricose A5,COC1=CC(=CC=C1O)/C=C/C(=O)OC2C(O)C(CO)OC2(CO)OC3OC(CO)C(O)C(O)C3O,0.5923451426370192,0
S9442,Bergaptol,OC1=C2C=COC2=CC3=C1C=CC(=O)O3,0.19325880520338093,0
S9443,Schisantherin B,COC1=C(OC)C(=C2C(=C1)C(OC(=O)\C(C)=C/C)C(C)(O)C(C)CC3=C2C(=C4OCOC4=C3)OC)OC,0.4524183019137931,0
S9445,Ginkgolic Acid (C13:0),CCCCCCCCCCCCCC1=CC=CC(=C1C(O)=O)O,0.2880672201096792,0
S9455,Isorhamnetin 3-O-neohesperoside,COC1=CC(=CC=C1O)C2=C(OC3OC(CO)C(O)C(O)C3OC4OC(C)C(O)C(O)C4O)C(=O)C5=C(O2)C=C(O)C=C5O,0.44744459121322216,0
S9473,Nuzhenide,COC(=O)C1=COC(OC2OC(CO)C(O)C(O)C2O)\C(=C\C)C1CC(=O)OCC3OC(OCCC4=CC=C(O)C=C4)C(O)C(O)C3O,0.43622238845598105,0
S9479,Complanatoside A,OCC1OC(OC2=C(O)C=C(C=C2O)C3=C(OC4OC(CO)C(O)C(O)C4O)C(=O)C5=C(O)C=C(O)C=C5O3)C(O)C(O)C1O,0.44149558297124464,0
S9487,Praeruptorin C,C\C=C(C)/C(=O)OC1C(OC(=O)CC(C)C)C2=C(OC1(C)C)C=CC3=C2OC(=O)C=C3,0.3324389505788338,0
S9491,(+)-Guaiacin,COC1=C(O)C=CC(=C1)C2C(C)C(C)CC3=C2C=C(O)C(=C3)OC,0.5191343099021719,0
S9502,Madecassic acid,CC1CCC2(CCC3(C)C(=CCC4C5(C)CC(O)C(O)C(C)(CO)C5C(O)CC34C)C2C1C)C(O)=O,0.4733392810057336,0
S9503,Fraxetin,COC1=CC2=C(OC(=O)C=C2)C(=C1O)O,0.2871434317740858,0
S9514,Rotundic acid,CC1CCC2(CCC3(C)C(=CCC4C5(C)CCC(O)C(C)(CO)C5CCC34C)C2C1(C)O)C(O)=O,0.4419552299064445,0
S9552,Farrerol,CC1=C(O)C2=C(OC(CC2=O)C3=CC=C(O)C=C3)C(=C1O)C,0.40211684669264613,0
S9557,Isobergapten,COC1=C2C=CC(=O)OC2=C3C=COC3=C1,0.18752620374497148,0
S6648,PF-06282999,COC1=C(C=C(Cl)C=C1)C2=CC(=O)NC(=S)N2CC(N)=O,0.369309670493728,0
S6714,INH14,CCC1=CC=C(NC(=O)NC2=CC=CC=C2)C=C1,0.31969497346889597,0
S8901,Taletrectinib (DS-6051b),CC(N)COC1=CC=C(C=C1)C2=CN=C3C=CC(=N[N]23)NC(C)C4=CC(=CC=C4)F.OC(=O)CCCCC(O)=O,0.4140251870862232,0
S9024,3-O-Acetyl-11-keto-β-boswellic acid (AKBA),CC1CCC2(C)CCC3(C)C(=CC(=O)C4C5(C)CCC(OC(C)=O)C(C)(C5CCC34C)C(O)=O)C2C1C,0.42033494015188655,0
S9050,Boldine,COC1=C(O)C=C2CC3N(C)CCC4=CC(=C(OC)C(=C34)C2=C1)O,0.452467786112175,0
S9053,Irisflorentin,COC1=CC(=CC(=C1OC)OC)C2=COC3=CC4=C(OCO4)C(=C3C2=O)OC,0.24945203890108528,0
S9102,Magnolin,COC1=C(OC)C=C(C=C1)C2OCC3C2COC3C4=CC(=C(OC)C(=C4)OC)OC,0.48367681697983933,0
S9110,Morin,OC1=CC(=C(C=C1)C2=C(O)C(=O)C3=C(O2)C=C(O)C=C3O)O,0.4339936251383768,0
S9111,Isorhamnetin,COC1=C(O)C=CC(=C1)C2=C(O)C(=O)C3=C(O2)C=C(O)C=C3O,0.46793317486993297,0
S9123,Eriodictyol,OC1=CC2=C(C(=O)CC(O2)C3=CC(=C(O)C=C3)O)C(=C1)O,0.605299912530788,1
S9183,Ruscogenin,CC1CCC2(OC1)OC3CC4C5CC=C6CC(O)CC(O)C6(C)C5CCC4(C)C3C2C,0.48725519119608135,0
S9192,Vitexin,OCC1OC(C(O)C(O)C1O)C2=C(O)C=C(O)C3=C2OC(=CC3=O)C4=CC=C(O)C=C4,0.37656883931715196,0
S9248,Homoorientin,OCC1OC(C(O)C(O)C1O)C2=C(O)C3=C(OC(=CC3=O)C4=CC(=C(O)C=C4)O)C=C2O,0.5060447027264652,0
S9270,Dracohodin perochlorate,COC1=C(C)C(=CC2=C1C=CC(=[O+]2)C3=CC=CC=C3)O.[O-][Cl](=O)(=O)=O,0.3110695929845833,0
S9285,Fargesin,COC1=CC=C(C=C1OC)C2OCC3C2COC3C4=CC5=C(OCO5)C=C4,0.49484129823084544,0
S9288,Casticin,COC1=C(O)C=C(C=C1)C2=C(OC)C(=O)C3=C(O2)C=C(OC)C(=C3O)OC,0.31844690942031834,0
S9294,Gelsemine,CN1CC2(C=C)C3CC4OCC3C1C2C45C(=O)NC6=CC=CC=C56,0.4603953548736683,0
S6647,Bardoxolone,CC1(C)CCC2(CCC3(C)C(C2C1)C(=O)C=C4C5(C)C=C(C#N)C(=O)C(C)(C)C5CCC34C)C(O)=O,0.4041266430557772,0
S9096,ligustroflavone,CC1OC(OCC2OC(OC3=CC(=C4C(=O)C=C(OC4=C3)C5=CC=C(O)C=C5)O)C(OC6OC(C)C(O)C(O)C6O)C(O)C2O)C(O)C(O)C1O,0.3804648268075644,0
S9131,Punicalagin,OC1COC(=O)C2=CC(=C(O)C(=C2C3=C4C(=O)OC5=C(O)C(=C(C6=C5C4=C(OC6=O)C(=C3O)O)C7=C(C=C(O)C(=C7O)O)C(=O)OC1C8OC(=O)C9=CC(=C(O)C(=C9C%10=C(C=C(O)C(=C%10O)O)C(=O)OC8C=O)O)O)O)O)O,0.4119311973358139,0
S9215,Pinoresinol diglucoside,COC1=CC(=CC=C1OC2OC(CO)C(O)C(O)C2O)C3OCC4C3COC4C5=CC=C(OC6OC(CO)C(O)C(O)C6O)C(=C5)OC,0.5316234451897196,0
S9235,Didymin,COC1=CC=C(C=C1)C2CC(=O)C3=C(O2)C=C(OC4OC(COC5OC(C)C(O)C(O)C5O)C(O)C(O)C4O)C=C3O,0.4415358952133574,0
S9290,Linarin,COC1=CC=C(C=C1)C2=CC(=O)C3=C(O)C=C(OC4OC(COC5OC(C)C(O)C(O)C5O)C(O)C(O)C4O)C=C3O2,0.35712228968575915,0
S0788,ML 210,CC1=C(C(=NO1)C(=O)N2CCN(CC2)C(C3=CC=C(Cl)C=C3)C4=CC=C(Cl)C=C4)[N+]([O-])=O,0.45092419378867793,0
S6790,Ellipticine hydrochloride,Cl.CC1=C2C=CN=CC2=C(C)C3=C1[NH]C4=CC=CC=C34,0.4409811000680367,0
S8953,ASP4132,COC1=NC=C(CN2CCC(CC2)C3=CC=C4[NH]C(=NC4=C3)C(=O)N5CCN(CC5)CC6=CC=C(C=C6)C(F)(F)F)C=C1.CC7=CC=C(C=C7)[S](O)(=O)=O.CC8=CC=C(C=C8)[S](O)(=O)=O,0.5752343235264734,0
S0018,Verdiperstat,CC(C)OCCN1C(=S)NC(=O)C2=C1C=C[NH]2,0.39962844669794295,0
S0507,CBL0137,CC(C)NCC[N]1C2=C(C=C(C=C2)C(C)=O)C3=C1C=CC(=C3)C(C)=O,0.2846930968062913,0
S0924,Pteryxin,C\C=C(C)/C(=O)OC1C(OC(C)=O)C(C)(C)OC2=C1C3=C(C=CC(=O)O3)C=C2,0.325054525283881,0
S3205,Perillaldehyde,CC(=C)C1CCC(=CC1)C=O,0.2973916693444994,0
S3220,Trigonelline,C[N+]1=CC(=CC=C1)C([O-])=O,0.24246179590722286,0
S3222,Raspberry ketone glucoside,CC(=O)CCC1=CC=C(OC2OC(CO)C(O)C(O)C2O)C=C1,0.3854838017535062,0
S3235,Sinapine,COC1=C(O)C(=CC(=C1)\C=C\C(=O)OCC[N+](C)(C)C)OC,0.45274361746949826,0
S3241,Loureirin A,COC1=CC=C(CCC(=O)C2=CC=C(O)C=C2)C(=C1)OC,0.31592619787139004,0
S3242,Loureirin B,COC1=CC(=C(CCC(=O)C2=CC=C(O)C=C2)C(=C1)OC)OC,0.3153873480276076,0
S3245,Nodakenetin,CC(C)(O)C1CC2=C(O1)C=C3OC(=O)C=CC3=C2,0.2721151189378701,0
S3247,Icariside I,COC1=CC=C(C=C1)C2=C(O)C(=O)C3=C(O2)C(=C(OC4OC(CO)C(O)C(O)C4O)C=C3O)CC=C(C)C,0.41676905770680894,0
S3254,Plantagoside,OCC1OC(OC2=CC(=CC(=C2O)O)C3CC(=O)C4=C(O)C=C(O)C=C4O3)C(O)C(O)C1O,0.46907922433023835,0
S3255,Pectolinarigenin,COC1=CC=C(C=C1)C2=CC(=O)C3=C(O)C(=C(O)C=C3O2)OC,0.2625655249581185,0
S3256,Tectochrysin,COC1=CC(=C2C(=O)C=C(OC2=C1)C3=CC=CC=C3)O,0.18287821091361003,0
S3260,3'-hydroxy Puerarin,OCC1OC(C(O)C(O)C1O)C2=C(O)C=CC3=C2OC=C(C3=O)C4=CC(=C(O)C=C4)O,0.4309757804908147,0
S3261,Myrislignan,COC1=C(O)C=CC(=C1)C(O)C(C)OC2=C(OC)C=C(CC=C)C=C2OC,0.5507996113853048,0
S3262,Scopolin,COC1=CC2=C(OC(=O)C=C2)C=C1OC3OC(CO)C(O)C(O)C3O,0.34726060116646845,0
S3265,9''-Methyl salvianolate B,COC(=O)C(CC1=CC(=C(O)C=C1)O)OC(=O)/C=C/C2=C3C(C(OC3=C(O)C=C2)C4=CC(=C(O)C=C4)O)C(=O)OC(CC5=CC(=C(O)C=C5)O)C(O)=O,0.6319781117576799,1
S3267,Kaempferol-3-O-rutinoside,CC1OC(OCC2OC(OC3=C(OC4=C(C(=CC(=C4)O)O)C3=O)C5=CC=C(O)C=C5)C(O)C(O)C2O)C(O)C(O)C1O,0.4250740612733826,0
S3270,Genipin 1-O-beta-D-gentiobioside,COC(=O)C1=COC(OC2OC(COC3OC(CO)C(O)C(O)C3O)C(O)C(O)C2O)C4C1CC=C4CO,0.4094429236190395,0
S3274,Glucosyl-vitexin,OCC1OC(OC2C(O)C(O)C(CO)OC2OC3=C4OC(=CC(=O)C4=C(O)C=C3O)C5=CC=C(O)C=C5)C(O)C(O)C1O,0.39855642945445996,0
S3275,Senkyunolide I,CCC\C=C1/OC(=O)C2=C1CCC(O)C2O,0.3513913274689263,0
S3278,Kaempferol-3-O-neohesperidoside,CC1OC(OC2C(O)C(O)C(CO)OC2OC3=C(OC4=CC(=CC(=C4C3=O)O)O)C5=CC=C(O)C=C5)C(O)C(O)C1O,0.4148482022850049,0
S3280,Linderene,CC1=COC2=C1C(O)C3C(=C)C4CC4C3(C)C2,0.409858248560865,0
S3281,Quercetin 3-O-β-D-glucose-7-O-β-D-gentiobioside,OCC1OC(OCC2OC(OC3=CC(=C4C(=O)C(=C(OC4=C3)C5=CC(=C(O)C=C5)O)OC6OC(CO)C(O)C(O)C6O)O)C(O)C(O)C2O)C(O)C(O)C1O,0.5314957599149168,0
S3283,Marmesin,CC(C)(O)C1CC2=CC3=C(OC(=O)C=C3)C=C2O1,0.2721151189378701,0
S3284,Tracheloside,COC1=CC=C(CC2COC(=O)C2(O)CC3=CC(=C(OC4OC(CO)C(O)C(O)C4O)C=C3)OC)C=C1OC,0.4400221944623495,0
S3295,Taxifolin 7-rhamnoside,CC1OC(OC2=CC(=C3C(=O)C(O)C(OC3=C2)C4=CC(=C(O)C=C4)O)O)C(O)C(O)C1O,0.5456927188809193,0
S3296,Hispidulin,COC1=C(O)C=C2OC(=CC(=O)C2=C1O)C3=CC=C(O)C=C3,0.2834011093637429,0
S3298,Caulophylline (N-Methylcytisine),CN1CC2CC(C1)C3=CC=CC(=O)N3C2,0.2753407806949947,0
S3300,Desoxyrhaponticin,COC1=CC=C(C=C1)/C=C/C2=CC(=CC(=C2)O)OC3OC(CO)C(O)C(O)C3O,0.4732979433478561,0
S3301,Cynarin,OC1CC(CC(OC(=O)/C=C/C2=CC=C(O)C(=C2)O)C1O)(OC(=O)\C=C\C3=CC=C(O)C(=C3)O)C(O)=O,0.6116654588023164,1
S3307,Galangin 3-methyl ether,COC1=C(OC2=C(C(=CC(=C2)O)O)C1=O)C3=CC=CC=C3,0.2963483474843579,0
S3308,Caftaric acid,OC(C(OC(=O)/C=C/C1=CC(=C(O)C=C1)O)C(O)=O)C(O)=O,0.6250344835159145,1
S6852,Gossypol,CC(C)C1=C(O)C(=C(C=O)C2=C1C=C(C)C(=C2O)C3=C(O)C4=C(C=C3C)C(=C(O)C(=C4C=O)O)C(C)C)O,0.4056579455702664,0
S6889,Monomethyl Fumarate,COC(=O)\C=C\C(O)=O,0.2917097105671263,0
S8978,Mitoquinone (MitoQ10) mesylate,COC1=C(OC)C(=O)C(=C(C)C1=O)CCCCCCCCCC[P+](C2=CC=CC=C2)(C3=CC=CC=C3)C4=CC=CC=C4.C[S]([O-])(=O)=O,0.4159262428291107,0
S9604,IM156,FC(F)(F)OC1=CC=C(NC(=N)NC(=N)N2CCCC2)C=C1,0.4031700771777707,0
S9611,ABTL-0812,CCCCC\C=C/C\C=C/CCCCCCC(O)C(O)=O,0.24983862404148693,0
S9687,H2DCFDA,CC(=O)OC1=CC2=C(C=C1Cl)C(C3=C(O2)C=C(OC(C)=O)C(=C3)Cl)C4=C(C=CC=C4)C(O)=O,0.25990018335538256,0
S0267,TRi-1,COC1=NC(=C(C=C1)[N+]([O-])=O)[S](=O)(=O)C2=CC=C(Cl)C=C2,0.48251507472028704,0
S0411,BAM 15,FC1=CC=CC=C1NC2=NC3=NON=C3N=C2NC4=CC=CC=C4F,0.5300464687599474,0
S0454,Adjudin,NNC(=O)C1=N[N](CC2=C(Cl)C=C(Cl)C=C2)C3=CC=CC=C13,0.5696859624678419,0
S0539,BTZO-1,O=C1N=C(SC2=CC=CC=C12)C3=CC=CC=N3,0.28954349947747265,0
S0781,IQ 3,O=C(O\N=C1/C2=CC=CC=C2C3=NC4=CC=CC=C4N=C13)C5=CC=CO5,0.43036932122067467,0
S0795,O-304,ClC1=CC=C(CN2SC(=NC2=O)NC(=O)C3=CC=C(Cl)C=C3)C=C1,0.518204079298695,0
S0913,"4',5,7-Trimethoxyflavone",COC1=CC=C(C=C1)C2=CC(=O)C3=C(O2)C=C(OC)C=C3OC,0.1907333526681968,0
S1273,Amarogentin,OCC1OC(OC2OC=C3C(CCOC3=O)C2C=C)C(OC(=O)C4=C(O)C=C(O)C=C4C5=CC=CC(=C5)O)C(O)C1O,0.43497898786646405,0
S1321,Urolithin B,OC1=CC2=C(C=C1)C3=CC=CC=C3C(=O)O2,0.15727076675176294,0
S1323,7-Methoxyisoflavone,COC1=CC2=C(C=C1)C(=O)C(=CO2)C3=CC=CC=C3,0.12286944199764639,0
S2942,EB-3D,[Br-].[Br-].CN(C)C1=CC=[N+](CC2=CC=C(OCCOC3=CC=C(C[N+]4=CC=C(C=C4)N(C)C)C=C3)C=C2)C=C1,0.33102815039682604,0
S2997,DL-Tartaric acid,OC(C(O)C(O)=O)C(O)=O,0.3454238584797426,0
S2999,Acetic acid octyl ester,CCCCCCCCOC(C)=O,0.20308893616593596,0
S3009,Menthone,CC(C)C1CCC(C)CC1=O,0.28907891322654755,0
S3087,N-Acetyl-DL-methionine,CSCCC(NC(C)=O)C(O)=O,0.29716597868207456,0
S3313,Nudifloric Acid,CN1C=C(C=CC1=O)C(O)=O,0.22782015147695836,0
S3341,Palmitoleic acid,CCCCCC\C=C/CCCCCCCC(O)=O,0.13623210912884162,0
S3357,Elaidic acid,CCCCCCCC\C=C\CCCCCCCC(O)=O,0.13623210912884162,0
S3743,Oxiglutatione,NC(CCC(=O)NC(CSSCC(NC(=O)CCC(N)C(O)=O)C(=O)NCC(O)=O)C(=O)NCC(O)=O)C(O)=O,0.3589243832470895,0
S5645,Hemin,CC1=C(CCC(O)=O)C\2=N\C1=C/C3=C(C=C)C(=C4\C=C5/N=C(/C=C6\N([Fe](Cl)[N]34)\C(=C2)C(=C6C)CCC(O)=O)C(=C5C=C)C)C,0.46421688720563925,0
S9157,Neoandrographolide,CC1(CCCC2(C)C(CCC3=CCOC3=O)C(=C)CCC12)COC4OC(CO)C(O)C(O)C4O,0.4457332185611463,0
S9161,Ziyuglycoside II,CC1CCC2(CCC3(C)C(=CCC4C5(C)CCC(OC6OCC(O)C(O)C6O)C(C)(C)C5CCC34C)C2C1(C)O)C(O)=O,0.4931352521201405,0
S9165,Poncirin,COC1=CC=C(C=C1)C2CC(=O)C3=C(O2)C=C(OC4OC(CO)C(O)C(O)C4OC5OC(C)C(O)C(O)C5O)C=C3O,0.4368989978202191,0
S9232,Crocin II,CC(=C/C=C/C=C(C)/C=C/C=C(C)/C(=O)OC1OC(COC2OC(CO)C(O)C(O)C2O)C(O)C(O)C1O)\C=C\C=C(C)\C(=O)OC3OC(CO)C(O)C(O)C3O,0.44771598506808835,0
S9247,Isoliensinine,COC1=CC=C(CC2N(C)CCC3=C2C=C(OC4=C(O)C=CC(=C4)CC5N(C)CCC6=C5C=C(O)C(=C6)OC)C(=C3)OC)C=C1,0.4507109952484772,0
S9268,Epmedin B,COC1=CC=C(C=C1)C2=C(OC3OC(C)C(O)C(O)C3OC4OCC(O)C(O)C4O)C(=O)C5=C(O2)C(=C(OC6OC(CO)C(O)C(O)C6O)C=C5O)CC=C(C)C,0.4454327936646694,0
S9269,Epmedin C,COC1=CC=C(C=C1)C2=C(OC3OC(C)C(O)C(O)C3OC4OC(C)C(O)C(O)C4O)C(=O)C5=C(O2)C(=C(OC6OC(CO)C(O)C(O)C6O)C=C5O)CC=C(C)C,0.40816475787322276,0
S9273,Timosaponin BII,CC(CCC1(O)OC2CC3C4CCC5CC(CCC5(C)C4CCC3(C)C2C1C)OC6OC(CO)C(O)C(O)C6OC7OC(CO)C(O)C(O)C7O)COC8OC(CO)C(O)C(O)C8O,0.4715449529360285,0
S9296,Fraxin,COC1=CC2=C(OC(=O)C=C2)C(=C1O)OC3OC(CO)C(O)C(O)C3O,0.36917733781141854,0
S9396,Geraniin,OC1=CC(=CC(=C1O)O)C(=O)OC2OC3COC(=O)C4=CC(=C(O)C(=C4C5=C(C=C(O)C(=C5O)O)C(=O)OC6C3OC(=O)C7=CC(=O)C8(O)OC9=C(O)C(=CC(=C9C7C8(O)O)C(=O)OC26)O)O)O,0.48060844905377453,0
S9698,Ezatiostat,CCOC(=O)C(N)CCC(=O)NC(CSCC1=CC=CC=C1)C(=O)NC(C(=O)OCC)C2=CC=CC=C2.OC(=O)C(F)(F)F,0.30225639276649113,0
S0316,MPO-IN-28,COC1=CC2=NC(=NC(=C2C=C1)C)N=C(N)N,0.3754016494815997,0
S2995,4-Hydroxyphenylpyruvic acid,OC(=O)C(=O)CC1=CC=C(O)C=C1,0.3628796884106367,0
S3168,cis-Resveratrol,OC1=CC=C(C=C1)\C=C/C2=CC(=CC(=C2)O)O,0.47792768244969125,0
S4419,Ensulizole,O[S](=O)(=O)C1=CC2=C(C=C1)N=C([NH]2)C3=CC=CC=C3,0.4989230137266631,0
S4425,Rifamycin S,COC1\C=C\OC2(C)OC3=C(C2=O)C4=C(C(=C3C)O)C(=O)C(=CC4=O)NC(=O)\C(=C/C=C/C(C)C(O)C(C)C(O)C(C)C(OC(C)=O)C1C)C,0.4959880095193232,0
S4452,ML162,COC1=C(Cl)C=C(C=C1)N(C(C(=O)NCCC2=CC=CC=C2)C3=CC=CS3)C(=O)CCl,0.2522895239015906,0
S4611,TCEP Hydrochloride,Cl.OC(=O)CCP(CCC(O)=O)CCC(O)=O,0.2532946865989546,0
S5958,Metformin,CN(C)C(=N)NC(N)=N,0.35045711839571475,0
S5977,"3-Amino-1,2,4-triazole",NC1=NC=N[NH]1,0.5142185845096093,0
S9723,CDDO-Im,CC1(C)CCC2(CCC3(C)C(C2C1)C(=O)C=C4C5(C)C=C(C#N)C(=O)C(C)(C)C5CCC34C)C(=O)[N]6C=CN=C6,0.4348821810845422,0
S9783,6-Aminonicotinamide,NC(=O)C1=CC=C(N)N=C1,0.2840199796770701,0
S3384,(E/Z)-IT-603,COC1=CC(=CC(=C1O)/C=C2/NC(=S)NC2=O)Br,0.4906528237477705,0
S4460,IMM-H007,CC(=O)OCC1OC(C(OC(C)=O)C1OC(C)=O)[N]2C=NC3=C(NC4=CC=CC(=C4)O)N=CN=C23,0.3794710860455558,0
S5899,(R)-(-)-Ibuprofen,CC(C)CC1=CC=C(C=C1)C(C)C(O)=O,0.2717381071814273,0
S6239,PMX-53,CC(=O)NC(CC1=CC=CC=C1)C(=O)NC2CCCNC(=O)C(CCCN=C(N)N)NC(=O)C(CC3=C[NH]C4=CC=CC=C34)NC(=O)C(CC5CCCCC5)NC(=O)C6CCCN6C2=O,0.4355582896720781,0
S6347,5'-N-Ethylcarboxamidoadenosine (NECA),CCNC(=O)C1OC(C(O)C1O)[N]2C=NC3=C(N)N=CN=C23,0.35651713290811315,0
S9729,Visomitin (SKQ1),[Br-].CC1=C(C)C(=O)C(=CC1=O)CCCCCCCCCC[P+](C2=CC=CC=C2)(C3=CC=CC=C3)C4=CC=CC=C4,0.2777138449178201,0
S9733,Mito-TEMPO,[Cl-].CC1(C)CC(CC(C)(C)N1[O])NC(=O)C[P+](C2=CC=CC=C2)(C3=CC=CC=C3)C4=CC=CC=C4,0.3889238151316078,0
S9860,BC1618,OC(COC1=CC=C(C=C1)C(F)(F)F)CN(CC2=CC=CC=C2)CC3=CC=CC=C3,0.3293741505497692,0
S9874,4-Aminobenzohydrazide,NNC(=O)C1=CC=C(N)C=C1,0.49758269600770727,0
E0018,Triheptanoin,CCCCCCC(=O)OCC(COC(=O)CCCCCC)OC(=O)CCCCCC,0.23302539300039987,0
E0020,Lupenone,CC(=C)C1CCC2(C)CCC3(C)C(CCC4C5(C)CCC(=O)C(C)(C)C5CCC34C)C12,0.34669296898666796,0
E0022,Ophiopogonin D,CC1CCC2(OC1)OC3CC4C5CC=C6CC(O)CC(OC7OC(C)C(O)C(OC8OCC(O)C(O)C8O)C7OC9OC(C)C(O)C(O)C9O)C6(C)C5CCC4(C)C3C2C,0.5283025948439072,0
E0025,2-Hydroxybenzylamine,NCC1=CC=CC=C1O,0.3958701731347541,0
S9793,4-Hydroxynonenal,CCCCCC(O)\C=C\C=O,0.19884597263337983,0
S9925,Imeglimin (EMD 387008) Hydrochloride,Cl.CC1N=C(N)NC(=N1)N(C)C,0.3471803041628665,0
E0023,"5,7-Dihydroxychromone",OC1=CC(=C2C(=O)C=COC2=C1)O,0.3015138169552721,0
E0092,KEA1-97,FC1=CC=C(C=C1)C2=CC=C(NC3=NC(=NC(=N3)Cl)Cl)C=C2,0.37987344475506357,0
E0129,Oxysophocarpine,[O-][N+]12CCCC3CN4C(CC=CC4=O)C(CCC1)C23,0.4480872022290156,0
E0130,Apigenin-7-O-glucuronide,OC1C(O)C(OC(C1O)C(O)=O)OC2=CC(=C3C(=O)C=C(OC3=C2)C4=CC=C(O)C=C4)O,0.3767450817576138,0
E0131,Luteolin-7-O-glucuronide,OC1C(O)C(OC(C1O)C(O)=O)OC2=CC(=C3C(=O)C=C(OC3=C2)C4=CC(=C(O)C=C4)O)O,0.5039796674212919,0
E1031,MK-8722,OC1COC2C(COC12)OC3=NC4=NC(=C(Cl)C=C4[NH]3)C5=CC=C(C=C5)C6=CC=CC=C6,0.4370094942298502,0
S0418,Ezutromid,CC[S;v6](=O)(=O)C1=CC=C2OC(=NC2=C1)C3=CC4=C(C=CC=C4)C=C3,,0
S0770,Camalexin,[NH]1C=C(C2=NC=CS2)C3=C1C=CC=C3,0.3940672188104195,0
S0844,NDMC101,OC1=C(C=CC=C1)C(=O)NC2=C(F)C=C(Cl)C=C2,0.4399383859578679,0
S0888,Rsva 405,CCN(CC)C1=CC=C(/C=N/NC(=O)C2=CC=NC=C2)C(=C1)O,0.5245609644773921,0
S9833,BAY-3827,CCC1=CC=CC=C1C(=O)NC2=N[NH]C3=C2C=C(C4C(=C(C)N(C)C(=C4C#N)C)C#N)C(=C3C)F,0.5510559563005378,0
E0211,Dihydroberberine,COC1=CC=C2C=C3N(CCC4=C3C=C5OCOC5=C4)CC2=C1OC,0.3999443552567296,0
E0459,Robinetin,OC1=CC=C2C(=O)C(=C(OC2=C1)C3=CC(=C(O)C(=C3)O)O)O,0.4121981098593914,0
E0471,Alkyne tyramide,OC1=CC=C(CCNC(=O)CCC#C)C=C1,0.4019990320726539,0
E0487,SP-8356,COC1=C(O)C(=CC(=C1)/C=C/C2=CC(=O)C3CC2C3(C)C)O,0.507679003354259,0
E0526,sappanone A,OC1=CC=C2C(=O)C(/COC2=C1)=C/C3=CC=C(O)C(=C3)O,0.5552785956497005,0
E0650,γ-Terpinene,CC(C)C1=CCC(=CC1)C,0.3535007155418853,0
E0653,Trans-ferulic acid,COC1=C(O)C=CC(=C1)\C=C\C(O)=O,0.6463438407983747,1
E0671,Deacetylasperulosidic acid,OCC1OC(OC2OC=C(C3C(O)C=C(CO)C23)C(O)=O)C(O)C(O)C1O,0.3870579498936703,0
E0783,SM-7368,[O-][N+](=O)C1=CN=C(NC(=O)C2=CC=C(C(=C2)Cl)[N+]([O-])=O)S1,0.5108920914027356,0
E0785,YS-49,Br.OC1=CC2=C(C=C1O)C(CC3=C4C=CC=CC4=CC=C3)NCC2,0.4526154211220618,0
E0796,NF-κB-IN-1,COC1=CC(=CC=C1O)/C=C(C(=O)\C=C\C2=CC=C(OC)C(=C2)OC)/C(=O)/C=C/C3=CC=C(OC)C(=C3)OC,0.562986177903151,0
E0812,CXD101,C[N]1C=C(CN2CCC(CC2)C3=CC=C(C=C3)C(=O)NC4=CC=CC=C4N)C(=N1)C,0.4347873187978444,0
E0944,IMD-0560,OC1=CC=C(Br)C=C1C(=O)NC2=CC(=CC=C2C(F)(F)F)C(F)(F)F,0.44809582171960227,0
E1080,HG106,COC1=CC=C(C=C1)[N]2N=C3C=CC(=CC3=N2)NC(=O)CCl,0.48511718699113954,0
E1281,Dimethyl itaconate,COC(=O)CC(=C)C(=O)OC,0.28184700494417453,0
E2203,DMU-212,COC1=CC=C(C=C1)/C=C/C2=CC(=C(OC)C(=C2)OC)OC,0.43151277285749395,0
E2548,N-(p-Coumaroyl) Serotonin,,,0
E2661,Chitosan oligosaccharide,NC1C(O)OC(CO)C(OC2OC(CO)C(O)C(O)C2N)C1O,0.42530517827404235,0
E2832,LCS-1,CC1=CC(=CC=C1)N2N=CC(=C(Cl)C2=O)Cl,0.42996703943873776,0
S0947,Cafestol,CC12CCC3=C(C=CO3)C1CCC45CC(CCC24)C(O)(CO)C5,0.3856882707887436,0
S3290,Procyanidin B2,OC1CC2=C(OC1C3=CC(=C(O)C=C3)O)C(=C(O)C=C2O)C4C(O)C(OC5=CC(=CC(=C45)O)O)C6=CC(=C(O)C=C6)O,0.6556834472337644,1
S7428,Rocaglamide,COC1=CC=C(C=C1)C23OC4=C(C(=CC(=C4)OC)OC)C2(O)C(O)C(C3C5=CC=CC=C5)C(=O)N(C)C,0.36430176804984266,0
S8587,Withaferin A,CC(C1CC(=C(CO)C(=O)O1)C)C2CCC3C4CC5OC56C(O)C=CC(=O)C6(C)C4CCC23C,0.41562084822494405,0
S9213,Jujuboside A,CC1OC(OC2C(OCC(O)C2OC3OC(COC4OC(CO)C(O)C(O)C4O)C(O)C(O)C3OC5OCC(O)C(O)C5O)OC6CCC7(C)C(CCC8(C)C7CCC9C%10C(C)(O)CC(OC%10%11CC89CO%11)C=C(C)C)C6(C)C)C(O)C(O)C1O,0.5008779126253674,0
E2748,EGCG Octaacetate,CC(=O)OC1=CC2=C(CC(OC(=O)C3=CC(=C(OC(C)=O)C(=C3)OC(C)=O)OC(C)=O)C(O2)C4=CC(=C(OC(C)=O)C(=C4)OC(C)=O)OC(C)=O)C(=C1)OC(C)=O,0.3184032241138932,0
S0177,XMD-17-51,CN1C(=O)C2=CC=CC=C2N(C)C3=NC(=NC=C13)NC4=C[N](N=C4)C5CCNCC5,0.5511568013541729,0
S6671,SN50,CSCCC(NC(=O)C(CC(C)C)NC(=O)C(CCCCN)NC(=O)C(CCC(N)=O)NC(=O)C(CCCNC(N)=N)NC(=O)C(CCCCN)NC(=O)C(CCCNC(N)=N)NC(=O)C(CCC(N)=O)NC(=O)C(NC(=O)C1CCCN1C(=O)C(C)NC(=O)C(CC(C)C)NC(=O)C(CC(C)C)NC(=O)C(C)NC(=O)C(CC(C)C)NC(=O)C(CC(C)C)NC(=O)C(NC(=O)C(C)NC(=O)C2CCCN2C(=O)C(CC(C)C)NC(=O)C(CC(C)C)NC(=O)C(C)NC(=O)C(NC(=O)C(C)NC(=O)C(C)N)C(C)C)C(C)C)C(C)C)C(=O)N3CCCC3C(O)=O,0.38968338773887073,0
S7956,Brusatol,COC(=O)C12OCC34C(CC5C(=C(O)C(=O)CC5(C)C3C(O)C1O)C)OC(=O)C(OC(=O)C=C(C)C)C24,0.4767860937527203,0
E0184,2-Mercaptobenzothiazole,S=C1NC2=CC=CC=C2S1,0.4085085567662667,0
E0250,Artemitin,COC1=C(OC)C=C(C=C1)C2=C(OC)C(=O)C3=C(O)C(=C(OC)C=C3O2)OC,0.2511345887625455,0
E1244,FINO2,CC(C)(C)C1CCC2(CC1)CC(C)(CCO)OO2,0.3748536570983981,0
E2178,IM-54,CCCCCNC1=C(C(=O)N(C)C1=O)C2=C[N](C)C3=CC=CC=C23,0.37940824987418836,0
S4684,Sildenafil,CCCC1=N[N](C)C2=C1N=C(NC2=O)C3=CC(=CC=C3OCC)[S](=O)(=O)N4CCN(C)CC4,0.6113950212503096,1
S1985,ATP disodium,[Na+].[Na+].NC1=NC=NC2=C1N=C[N]2C3OC(CO[P](O)(=O)O[P]([O-])(=O)O[P](O)([O-])=O)C(O)C3O,0.4583581099155724,0
S1999,Sodium butyrate,[Na+].CCCC([O-])=O,0.2153796690967053,0
S2129,Fudosteine,NC(CSCCCO)C(O)=O,0.32453979271366884,0
S2462,Donepezil HCl,Cl.COC1=C(OC)C=C2C(=O)C(CC3CCN(CC3)CC4=CC=CC=C4)CC2=C1,0.252059112294246,0
S3631,(S)-Methylisothiourea sulfate,CSC(N)=N,0.34246533402727264,0
S3793,Phytic acid,O[P](O)(=O)OC1C(O[P](O)(O)=O)C(O[P](O)(O)=O)C(O[P](O)(O)=O)C(O[P](O)(O)=O)C1O[P](O)(O)=O,0.4262408930087338,0
S3852,L-Theanine,CCNC(=O)CCC(N)C(O)=O,0.2818695591711663,0
S3973,L-SelenoMethionine,C[Se]CCC(N)C(O)=O,0.35020687181534543,0
S4245,Sodium ascorbate,[NaH].OCC(O)C1OC(=O)C(O)C1O,0.3822365417804358,0
S4606,Glutathione,NC(CCC(=O)NC(CS)C(=O)NCC(O)=O)C(O)=O,0.3055099679849885,0
S4740,Sodium ferulate,[Na+].COC1=CC(=CC=C1O)\C=C\C([O-])=O,0.5307661801229956,0
S4786,S-Methyl-L-cysteine,CSCC(N)C(O)=O,0.31486806437801457,0
S4791,S-allyl-L-cysteine,NC(CSCC=C)C(O)=O,0.34465620876543307,0
S4993,Timonacic,OC(=O)C1CSCN1,0.37262478264126647,0
S5115,Sodium L-ascorbyl-2-phosphate,[Na+].[Na+].[Na+].OCC(O)C1OC(=O)C(=C1[O-])O[P]([O-])([O-])=O,0.39842878736025056,0
S5226,L-carnosine,NCCC(=O)NC(CC1=C[NH]C=N1)C(O)=O,0.31372131421784016,0
S5468,Kaempferol-3-O-glucorhamnoside,CC1OC(OC2C(O)C(O)C(CO)OC2OC3=C(OC4=CC(=CC(=C4C3=O)O)O)C5=CC=C(O)C=C5)C(O)C(O)C1O,0.4148482022850049,0
S5524,Spermine Tetrahydrochloride,Cl.Cl.Cl.Cl.NCCCNCCCCNCCCN,0.31915030217814194,0
S5545,DL-Serine,NC(CO)C(O)=O,0.3306592365128089,0
S5633,L-methionine,CSCCC(N)C(O)=O,0.32695922771671865,0
S6445,Chlorophyllin (sodium copper salt),[Na+].[Na+].[Na+].[Cu++]|1|2|3|[N-]4C5=C(C)C(=C4C=C6N|1=C(C=C7[N-]|2C(=C(CC([O-])=O)C8=N|3C(=C5)C(C)C8CCC([O-])=O)C(=C7C)C([O-])=O)C(=C6C)CC)C=C,,0
S7306,Dorsomorphin (Compound C) 2HCl,Cl.Cl.C1CCN(CC1)CCOC2=CC=C(C=C2)C3=C[N]4N=CC(=C4N=C3)C5=CC=NC=C5,0.4408574850122349,0
S9344,DL-Methionine,CSCCC(N)C(O)=O,0.32695922771671865,0
S2433,DL-Buthionine-Sulfoximine,CCCC[S](=N)(=O)CCC(N)C(O)=O,0.519621782408287,0
S3266,L-Anserine nitrate salt,C[N]1C=NC=C1CC(NC(=O)CCN)C(O)=O.O[N+]([O-])=O,0.44942755190693917,0
S9728,"BSO (L-Buthionine-(S,R)-sulfoximine)",CCCC[S](=N)(=O)CCC(N)C(O)=O,0.519621782408287,0
S5956,Dexamethasone phosphate disodium,[Na+].[Na+].CC1CC2C3CCC4=CC(=O)C=CC4(C)C3(F)C(O)CC2(C)C1(O)C(=O)CO[P]([O-])([O-])=O,0.4592202923695475,0
S9803,Elamipretide (MTP-131),CC1=C(CC(NC(=O)C(N)CCCNC(N)=N)C(=O)NC(CCCCN)C(=O)NC(CC2=CC=CC=C2)C(N)=O)C(=CC(=C1)O)C,0.39623982566042887,0
E0152,L(+)-Monosodium glutamate monohydrate,O.[Na+].NC(CCC(O)=O)C([O-])=O,0.3170082791846544,0
E2692,L-Ascorbic acid 2-phosphate sesquimagnesium salt,[Mg++].[Mg++].[Mg++].OCC(O)C1OC(=O)C(=C1[O-])O[P]([O-])([O-])=O.OCC(O)C2OC(=O)C(=C2[O-])O[P]([O-])([O-])=O,0.40976845530116834,0
P1213,gp91ds-tat,CCC(C)C(NC(=O)C(CCCNC(N)=N)NC(=O)C(NC(=O)C(CO)NC(=O)C(CS)NC(=O)C(CCCNC(N)=N)NC(=O)C(CCCNC(N)=N)NC(=O)C(CCCNC(N)=N)NC(=O)C(CCC(N)=O)NC(=O)C(CCCNC(N)=N)NC(=O)C(CCCNC(N)=N)NC(=O)C(CCCCN)NC(=O)C(CCCCN)NC(=O)C(N)CCCNC(N)=N)C(C)O)C(=O)NC(CCCNC(N)=N)C(=O)NC(CCCNC(N)=N)C(=O)NC(CCC(N)=O)C(=O)NC(CC(C)C)C(N)=O,0.36995151223279427,0
E0178,Cysteamine bitartrate,NCCS.OC(C(O)C(O)=O)C(O)=O,0.343596092615271,0
S2542,Phenformin (NSC-756501) HCl,Cl.NC(=N)NC(=N)NCCC1=CC=CC=C1,0.3290490873650649,0
S1327,Ellagic acid,OC1=CC2=C3C(=C1O)OC(=O)C4=CC(=C(O)C(=C34)OC2=O)O,0.3293113859367554,0
S1724,Paliperidone,CC1=C(CCN2CCC(CC2)C3=NOC4=C3C=CC(=C4)F)C(=O)N5CCCC(O)C5=N1,0.4595755624562487,0
S1986,Meclizine 2HCl,Cl.Cl.CC1=CC(=CC=C1)CN2CCN(CC2)C(C3=CC=CC=C3)C4=CC=C(Cl)C=C4,0.32865727506630615,0
S2251,(-)-Huperzine A (HupA),C\C=C/1C2CC3=C(C=CC(=O)N3)C1(N)CC(=C2)C,0.4205999050342921,0
S2292,Diosmin,COC1=C(O)C=C(C=C1)C2=CC(=O)C3=C(O2)C=C(OC4OC(COC5OC(C)C(O)C(O)C5O)C(O)C(O)C4O)C=C3O,0.3853390299451018,0
S3614,Lupeol,CC(=C)C1CCC2(C)CCC3(C)C(CCC4C5(C)CCC(O)C(C)(C)C5CCC34C)C12,0.41682297168031096,0
S3770,Sodium Aescinate,CC(OC(C)=O)C(C)C(=O)OCC12C(O)C3OC1CC4(C)C(=CCC5C6(C)CCC(OC7OC(C(OC8OC(CO)C(O)C(O)C8O)C(O)C7OC9OCC(O)C(O)C9O)C(=O)O[Na])C(C)(CO)C6CCC45C)C2CC3(C)C,0.5198988942454467,0
S3891,Vincamine,CCC12CCCN3CCC4=C(C13)[N](C5=CC=CC=C45)C(O)(C2)C(=O)OC,0.38855651847403505,0
S5116,Bilibubin,CC1=C(C=C)/C(NC1=O)=C/C2=C(C)C(=C(CC3=C(CCC(O)=O)C(=C([NH]3)\C=C\4NC(=O)C(=C4C)C=C)C)[NH]2)CCC(O)=O,0.4144015378734302,0
S5516,Ellagic Acid hydrate,O.OC1=CC2=C3C(=C1O)OC(=O)C4=CC(=C(O)C(=C34)OC2=O)O,0.3255330489520177,0
S5712,Zofenopril calcium,CC(CSC(=O)C1=CC=CC=C1)C(=O)N2CC(CC2C(=O)O[Ca]OC(=O)C3CC(CN3C(=O)C(C)CSC(=O)C4=CC=CC=C4)SC5=CC=CC=C5)SC6=CC=CC=C6,0.3440541425118865,0
S7840,Dorsomorphin (Compound C),C1CCN(CC1)CCOC2=CC=C(C=C2)C3=C[N]4N=CC(=C4N=C3)C5=CC=NC=C5,0.42216405982122024,0
S9246,Tiliroside,OC1C(O)C(COC(=O)\C=C\C2=CC=C(O)C=C2)OC(OC3=C(OC4=C(C(=CC(=C4)O)O)C3=O)C5=CC=C(O)C=C5)C1O,0.5027646521169826,0
S3299,Demethyleneberberine,COC1=C(OC)C2=C[N+]3=C(C=C2C=C1)C4=CC(=C(O)C=C4CC3)O,0.49089957651407123,0
S9054,Pectolinarin,COC1=CC=C(C=C1)C2=CC(=O)C3=C(O2)C=C(OC4OC(COC5OC(C)C(O)C(O)C5O)C(O)C(O)C4O)C(=C3O)OC,0.33029743143581214,0
E2818,MARK4 inhibitor 1,COC1=CC=C(C[N]2C=C(N=N2)C(=O)N\N=C\3C(=O)NC4=C(C)C=CC=C34)C=C1,0.6481858279895982,1
